# panacus histgrowth chr19.1000.fa.gz.gfaffix.unchop.Ygs.og.crush.gfa -c bp -q 0,0.95,0.5,0.1 -t 28
panacus	growth	growth	growth	growth
count	bp	bp	bp	bp
coverage	1	1	1	1
quorum	0	0.95	0.5	0.1
0	NaN	NaN	NaN	NaN
1	55803487	55803487	55803487	55803487
2	56031739	55575235	56031739	56031739
3	56162059	55477302	55771100	56162059
4	56260567	55411180	55866533	56260567
5	56342882	55360676	55769373	56342882
6	56415195	55319598	55831285	56415195
7	56480625	55284875	55768881	56480625
8	56540992	55254740	55814484	56540992
9	56597456	55228074	55768726	56597456
10	56650816	55204121	55804712	56650816
11	56701640	55182347	55768695	56142576
12	56750352	55162361	55798369	56165803
13	56797277	55143868	55768711	56187253
14	56842668	55126638	55793937	56207198
15	56886726	55110493	55768741	56225852
16	56929615	55095289	55790668	56243389
17	56971469	55080909	55768772	56259953
18	57012399	55067257	55788157	56275664
19	57052498	55054252	55768801	56290622
20	57091844	55290308	55786167	56304915
21	57130505	55279837	55768826	56174757
22	57168539	55269869	55784548	56186885
23	57205996	55260351	55768846	56198431
24	57242919	55251241	55783206	56209444
25	57279347	55242500	55768864	56219970
26	57315312	55234097	55782075	56230050
27	57350845	55226002	55768879	56239722
28	57385972	55218190	55781109	56249019
29	57420718	55210638	55768892	56257971
30	57455102	55203328	55780275	56266607
31	57489145	55196240	55768904	56188720
32	57522863	55189361	55779547	56196873
33	57556273	55182674	55768915	56204725
34	57589389	55176169	55778907	56212298
35	57622224	55169833	55768927	56219608
36	57654790	55163656	55778341	56226673
37	57687098	55157629	55768938	56233509
38	57719159	55151743	55777836	56240131
39	57750982	55145990	55768949	56246553
40	57782576	55252889	55777384	56252787
41	57813950	55247741	55768960	56196737
42	57845110	55242713	55776977	56202837
43	57876064	55237799	55768971	56208752
44	57906819	55232992	55776608	56214493
45	57937381	55228287	55768983	56220070
46	57967756	55223679	55776274	56225491
47	57997950	55219163	55768994	56230766
48	58027968	55214736	55775969	56235902
49	58057815	55210391	55769006	56240908
50	58087495	55206127	55775690	56245790
51	58117013	55201940	55769018	56201940
52	58146374	55197826	55775434	56206785
53	58175581	55193782	55769031	56211506
54	58204638	55189805	55775199	56216109
55	58233549	55185894	55769043	56220599
56	58262318	55182045	55774982	56224984
57	58290947	55178256	55769055	56229266
58	58319440	55174524	55774781	56233454
59	58347801	55170849	55769068	56237549
60	58376031	55239656	55774595	56241559
61	58404133	55236235	55769081	56205558
62	58432111	55232865	55774421	56209559
63	58459967	55229545	55769093	56213472
64	58487704	55226273	55774260	56217299
65	58515323	55223048	55769106	56221047
66	58542827	55219867	55774110	56224717
67	58570219	55216729	55769119	56228314
68	58597500	55213634	55773969	56231842
69	58624673	55210579	55769131	56235303
70	58651739	55207564	55773837	56238700
71	58678701	55204587	55769144	56208190
72	58705560	55201647	55773714	56211586
73	58732318	55198744	55769156	56214916
74	58758977	55195876	55773597	56218184
75	58785538	55193043	55769169	56221392
76	58812004	55190242	55773488	56224542
77	58838375	55187475	55769181	56227637
78	58864654	55184739	55773385	56230680
79	58890841	55182033	55769194	56233673
80	58916938	55232859	55773288	56236618
81	58942947	55230287	55769206	56210166
82	58968869	55227744	55773196	56213109
83	58994705	55225229	55769218	56216002
84	59020457	55222741	55773110	56218847
85	59046125	55220279	55769230	56221646
86	59071712	55217844	55773027	56224401
87	59097218	55215434	55769242	56227114
88	59122644	55213049	55772949	56229786
89	59147991	55210688	55769254	56232419
90	59173261	55208351	55772876	56235015
91	59198455	55206038	55769266	56211687
92	59223573	55203747	55772805	56214279
93	59248617	55201478	55769278	56216832
94	59273588	55199232	55772739	56219348
95	59298486	55197006	55769290	56221827
96	59323313	55194802	55772675	56224271
97	59348070	55192618	55769301	56226683
98	59372756	55190454	55772614	56229062
99	59397375	55188310	55769312	56231411
100	59421925	55228680	55772557	56233731
101	59446408	55226616	55769324	56212881
102	59470825	55224571	55772502	56215194
103	59495176	55222544	55769335	56217475
104	59519463	55220535	55772449	56219726
105	59543686	55218543	55769346	56221949
106	59567846	55216569	55772399	56224144
107	59591944	55214612	55769357	56226313
108	59615980	55212671	55772351	56228455
109	59639955	55210747	55769368	56230574
110	59663870	55208838	55772305	56232669
111	59687725	55206945	55769379	56213833
112	59711521	55205068	55772261	56215918
113	59735259	55203206	55769389	56217978
114	59758939	55201359	55772218	56220013
115	59782563	55199526	55769400	56222026
116	59806130	55197708	55772178	56224016
117	59829641	55195904	55769410	56225984
118	59853097	55194114	55772139	56227932
119	59876499	55192338	55769420	56229860
120	59899846	55225833	55772102	56231768
121	59923140	55224111	55769431	56214601
122	59946381	55222402	55772066	56216497
123	59969570	55220706	55769441	56218373
124	59992707	55219022	55772032	56220229
125	60015792	55217351	55769451	56222066
126	60038827	55215692	55771999	56223885
127	60061811	55214046	55769461	56225686
128	60084746	55212411	55771967	56227470
129	60107631	55210788	55769470	56229238
130	60130467	55209177	55771936	56230990
131	60153255	55207577	55769480	56215227
132	60175995	55205988	55771907	56216965
133	60198687	55204411	55769490	56218686
134	60221332	55202844	55771878	56220391
135	60243931	55201288	55769499	56222079
136	60266484	55199742	55771851	56223753
137	60288990	55198207	55769509	56225412
138	60311452	55196681	55771824	56227057
139	60333868	55195166	55769518	56228688
140	60356240	55223768	55771799	56230306
141	60378568	55222293	55769527	56215743
142	60400852	55220827	55771774	56217346
143	60423093	55219371	55769536	56218934
144	60445290	55217924	55771751	56220509
145	60467446	55216487	55769545	56222071
146	60489558	55215059	55771728	56223619
147	60511629	55213641	55769554	56225156
148	60533659	55212231	55771706	56226681
149	60555647	55210831	55769563	56228194
150	60577595	55209439	55771684	56229697
151	60599502	55208055	55769572	56216171
152	60621368	55206680	55771663	56217657
153	60643195	55205314	55769580	56219131
154	60664983	55203956	55771643	56220593
155	60686731	55202605	55769589	56222045
156	60708441	55201263	55771624	56223485
157	60730112	55199929	55769598	56224915
158	60751744	55198602	55771605	56226336
159	60773339	55197283	55769606	56227747
160	60794896	55222206	55771587	56229148
161	60816416	55220917	55769614	56216527
162	60837899	55219637	55771570	56217912
163	60859345	55218364	55769623	56219286
164	60880754	55217099	55771553	56220650
165	60902128	55215840	55769631	56222005
166	60923465	55214590	55771536	56223351
167	60944767	55213346	55769639	56224688
168	60966033	55212109	55771520	56226017
169	60987265	55210880	55769647	56227337
170	61008461	55209657	55771505	56228650
171	61029623	55208441	55769655	56216826
172	61050750	55207231	55771490	56218121
173	61071844	55206028	55769663	56219407
174	61092903	55204831	55771475	56220685
175	61113929	55203641	55769670	56221955
176	61134922	55202457	55771461	56223217
177	61155882	55201279	55769678	56224471
178	61176808	55200107	55771447	56225719
179	61197702	55198940	55769686	56226960
180	61218564	55220988	55771434	56228194
181	61239393	55219847	55769693	56217077
182	61260191	55218713	55771421	56218292
183	61280956	55217584	55769701	56219500
184	61301691	55216462	55771408	56220702
185	61322394	55215346	55769708	56221896
186	61343065	55214235	55771396	56223083
187	61363706	55213130	55769716	56224265
188	61384317	55212031	55771384	56225440
189	61404896	55210937	55769723	56226609
190	61425446	55209848	55771373	56227773
191	61445965	55208765	55769730	56217288
192	61466455	55207688	55771362	56218433
193	61486915	55206615	55769737	56219571
194	61507346	55205548	55771351	56220704
195	61527747	55204485	55769744	56221830
196	61548119	55203428	55771340	56222951
197	61568462	55202375	55769751	56224066
198	61588777	55201327	55771330	56225177
199	61609063	55200284	55769758	56226282
200	61629320	55220018	55771320	56227382
201	61649550	55218997	55769765	56217465
202	61669751	55217981	55771310	56218547
203	61689925	55216969	55769772	56219623
204	61710071	55215963	55771301	56220694
205	61730190	55214961	55769779	56221759
206	61750281	55213964	55771291	56222820
207	61770345	55212972	55769785	56223876
208	61790383	55211984	55771282	56224928
209	61810393	55211001	55769792	56225975
210	61830377	55210023	55771274	56227018
211	61850334	55209048	55769799	56217615
212	61870265	55208078	55771265	56218639
213	61890170	55207112	55769805	56219659
214	61910049	55206150	55771257	56220673
215	61929902	55205193	55769811	56221684
216	61949729	55204239	55771249	56222690
217	61969531	55203289	55769818	56223693
218	61989308	55202343	55771241	56224691
219	62009059	55201401	55769824	56225686
220	62028785	55219233	55771233	56226677
221	62048486	55218310	55769830	56217741
222	62068162	55217391	55771225	56218713
223	62087814	55216477	55769837	56219681
224	62107441	55215566	55771218	56220645
225	62127044	55214660	55769843	56221606
226	62146622	55213757	55771211	56222562
227	62166177	55212858	55769849	56223516
228	62185707	55211963	55771204	56224466
229	62205214	55211072	55769855	56225413
230	62224697	55210184	55771197	56226357
231	62244156	55209300	55769861	56217846
232	62263592	55208420	55771191	56218771
233	62283004	55207542	55769867	56219692
234	62302394	55206669	55771184	56220610
235	62321760	55205798	55769873	56221525
236	62341103	55204931	55771178	56222436
237	62360424	55204067	55769879	56223345
238	62379722	55203206	55771172	56224251
239	62398997	55202348	55769884	56225154
240	62418250	55218589	55771166	56226054
241	62437480	55217748	55769890	56217934
242	62456688	55216912	55771160	56218815
243	62475875	55216078	55769896	56219694
244	62495039	55215248	55771154	56220569
245	62514181	55214422	55769901	56221442
246	62533302	55213598	55771148	56222312
247	62552401	55212778	55769907	56223179
248	62571478	55211961	55771143	56224045
249	62590534	55211147	55769912	56224907
250	62609569	55210336	55771137	56225768
251	62628582	55209528	55769918	56218007
252	62647574	55208723	55771132	56218848
253	62666546	55207921	55769923	56219687
254	62685496	55207122	55771127	56220524
255	62704426	55206325	55769929	56221358
256	62723335	55205532	55771122	56222190
257	62742223	55204740	55769934	56223019
258	62761091	55203952	55771117	56223847
259	62779939	55203166	55769939	56224672
260	62798767	55218054	55771112	56225496
261	62817574	55217284	55769944	56218066
262	62836361	55216517	55771108	56218871
263	62855128	55215753	55769950	56219674
264	62873875	55214991	55771103	56220475
265	62892603	55214233	55769955	56221273
266	62911311	55213477	55771099	56222070
267	62929999	55212724	55769960	56222864
268	62948668	55211974	55771094	56223657
269	62967317	55211226	55769965	56224448
270	62985947	55210480	55771090	56225238
271	63004558	55209738	55769970	56218115
272	63023150	55208997	55771086	56218886
273	63041722	55208259	55769975	56219655
274	63060276	55207524	55771081	56220422
275	63078811	55206791	55769980	56221188
276	63097327	55206060	55771077	56221951
277	63115825	55205331	55769984	56222714
278	63134303	55204604	55771073	56223474
279	63152764	55203880	55769989	56224233
280	63171206	55217606	55771069	56224991
281	63189629	55216896	55769994	56218154
282	63208034	55216189	55771066	56218893
283	63226421	55215484	55769999	56219631
284	63244790	55214782	55771062	56220368
285	63263141	55214082	55770003	56221102
286	63281474	55213385	55771058	56221836
287	63299789	55212690	55770008	56222568
288	63318087	55211997	55771055	56223298
289	63336366	55211306	55770012	56224028
290	63354629	55210617	55771051	56224756
291	63372873	55209931	55770017	56218184
292	63391100	55209247	55771048	56218894
293	63409310	55208564	55770021	56219603
294	63427502	55207884	55771044	56220311
295	63445677	55207205	55770026	56221017
296	63463835	55206529	55771041	56221722
297	63481976	55205854	55770030	56222426
298	63500100	55205181	55771038	56223129
299	63518207	55204510	55770035	56223830
300	63536297	55217227	55771034	56224531
301	63554370	55216570	55770039	56218207
302	63572426	55215914	55771031	56218890
303	63590466	55215262	55770043	56219572
304	63608489	55214611	55771028	56220253
305	63626496	55213962	55770047	56220932
306	63644486	55213315	55771025	56221611
307	63662460	55212670	55770052	56222288
308	63680417	55212027	55771022	56222965
309	63698359	55211386	55770056	56223641
310	63716284	55210747	55771019	56224316
311	63734193	55210110	55770060	56218223
312	63752086	55209474	55771016	56218881
313	63769963	55208841	55770064	56219538
314	63787824	55208209	55771013	56220193
315	63805669	55207578	55770068	56220848
316	63823498	55206949	55771010	56221502
317	63841312	55206322	55770072	56222155
318	63859110	55205696	55771008	56222807
319	63876892	55205072	55770076	56223458
320	63894659	55216904	55771005	56224109
321	63912410	55216292	55770080	56218234
322	63930146	55215683	55771002	56218868
323	63947867	55215075	55770084	56219501
324	63965572	55214469	55771000	56220133
325	63983262	55213865	55770088	56220764
326	64000937	55213263	55770997	56221395
327	64018597	55212662	55770091	56222025
328	64036242	55212063	55770995	56222654
329	64053871	55211466	55770095	56223283
330	64071486	55210871	55770992	56223911
331	64089086	55210276	55770099	56218241
332	64106671	55209684	55770990	56218852
333	64124241	55209093	55770103	56219463
334	64141797	55208503	55770987	56220073
335	64159338	55207915	55770106	56220682
336	64176864	55207328	55770985	56221291
337	64194376	55206743	55770110	56221899
338	64211873	55206159	55770982	56222506
339	64229356	55205576	55770113	56223114
340	64246824	55216625	55770980	56223721
341	64264278	55216054	55770117	56218243
342	64281718	55215485	55770978	56218833
343	64299144	55214918	55770121	56219423
344	64316555	55214351	55770975	56220012
345	64333953	55213787	55770124	56220601
346	64351336	55213224	55770973	56221189
347	64368705	55212663	55770127	56221777
348	64386060	55212103	55770971	56222364
349	64403402	55211544	55770131	56222951
350	64420729	55210987	55770969	56223538
351	64438043	55210431	55770134	56218242
352	64455343	55209876	55770967	56218812
353	64472629	55209323	55770138	56219382
354	64489901	55208771	55770965	56219952
355	64507160	55208221	55770141	56220521
356	64524406	55207671	55770962	56221090
357	64541638	55207123	55770144	56221658
358	64558856	55206576	55770960	56222226
359	64576061	55206030	55770147	56222794
360	64593252	55216384	55770958	56223362
361	64610431	55215849	55770151	56218237
362	64627596	55215315	55770956	56218789
363	64644747	55214783	55770154	56219341
364	64661886	55214252	55770954	56219892
365	64679011	55213723	55770157	56220443
366	64696123	55213195	55770952	56220993
367	64713223	55212668	55770160	56221543
368	64730309	55212143	55770950	56222093
369	64747382	55211619	55770163	56222642
370	64764442	55211096	55770948	56223192
371	64781490	55210574	55770166	56218231
372	64798525	55210054	55770947	56218765
373	64815546	55209534	55770169	56219299
374	64832556	55209016	55770945	56219832
375	64849552	55208499	55770172	56220366
376	64866536	55207983	55770943	56220899
377	64883507	55207468	55770175	56221431
378	64900465	55206953	55770941	56221964
379	64917411	55206440	55770178	56222496
380	64934345	55216172	55770939	56223029
381	64951266	55215669	55770181	56218222
382	64968175	55215167	55770937	56218739
383	64985071	55214667	55770184	56219257
384	65001955	55214168	55770935	56219774
385	65018827	55213670	55770186	56220290
386	65035686	55213173	55770934	56220807
387	65052533	55212678	55770189	56221323
388	65069369	55212183	55770932	56221839
389	65086192	55211690	55770192	56222356
390	65103002	55211198	55770930	56222872
391	65119801	55210707	55770195	56218211
392	65136588	55210217	55770928	56218713
393	65153363	55209728	55770197	56219215
394	65170126	55209239	55770927	56219716
395	65186877	55208752	55770200	56220217
396	65203616	55208266	55770925	56220718
397	65220344	55207781	55770203	56221218
398	65237059	55207296	55770923	56221719
399	65253763	55206813	55770205	56222220
400	65270455	55215984	55770922	56222721
401	65287136	55215510	55770208	56218199
402	65303805	55215037	55770920	56218686
403	65320462	55214565	55770210	56219173
404	65337108	55214094	55770918	56219659
405	65353742	55213625	55770213	56220145
406	65370365	55213156	55770917	56220631
407	65386976	55212689	55770215	56221117
408	65403576	55212222	55770915	56221603
409	65420164	55211757	55770218	56222089
410	65436741	55211292	55770913	56222575
411	65453307	55210829	55770220	56218186
412	65469862	55210366	55770912	56218659
413	65486405	55209904	55770223	56219131
414	65502937	55209443	55770910	56219603
415	65519458	55208983	55770225	56220075
416	65535968	55208524	55770909	56220547
417	65552467	55208066	55770227	56221019
418	65568954	55207608	55770907	56221491
419	65585431	55207151	55770230	56221963
420	65601896	55215816	55770906	56222435
421	65618351	55215368	55770232	56218173
422	65634795	55214921	55770904	56218632
423	65651227	55214475	55770234	56219090
424	65667649	55214030	55770902	56219549
425	65684060	55213585	55770236	56220007
426	65700461	55213142	55770901	56220466
427	65716850	55212700	55770239	56220924
428	65733229	55212259	55770899	56221383
429	65749597	55211818	55770241	56221841
430	65765954	55211379	55770898	56222300
431	65782301	55210940	55770243	56218158
432	65798637	55210502	55770896	56218604
433	65814962	55210065	55770245	56219050
434	65831277	55209629	55770895	56219496
435	65847582	55209194	55770247	56219941
436	65863876	55208759	55770893	56220387
437	65880159	55208325	55770249	56220832
438	65896432	55207892	55770892	56221278
439	65912695	55207459	55770251	56221724
440	65928947	55215664	55770890	56222170
441	65945189	55215240	55770253	56218144
442	65961420	55214816	55770889	56218577
443	65977642	55214393	55770255	56219011
444	65993853	55213971	55770887	56219444
445	66010053	55213550	55770257	56219877
446	66026244	55213130	55770886	56220311
447	66042424	55212711	55770259	56220744
448	66058595	55212292	55770885	56221177
449	66074755	55211874	55770261	56221611
450	66090905	55211458	55770883	56222045
451	66107045	55211042	55770263	56218129
452	66123175	55210626	55770882	56218551
453	66139295	55210212	55770265	56218973
454	66155405	55209798	55770880	56219394
455	66171505	55209385	55770267	56219816
456	66187595	55208972	55770879	56220237
457	66203675	55208561	55770269	56220659
458	66219746	55208150	55770877	56221080
459	66235806	55207739	55770270	56221502
460	66251857	55215526	55770876	56221924
461	66267898	55215122	55770272	56218115
462	66283929	55214720	55770875	56218525
463	66299950	55214318	55770274	56218935
464	66315962	55213917	55770873	56219346
465	66331964	55213517	55770276	56219756
466	66347957	55213118	55770872	56220166
467	66363940	55212719	55770277	56220576
468	66379913	55212322	55770870	56220987
469	66395876	55211925	55770279	56221397
470	66411830	55211528	55770869	56221808
471	66427775	55211133	55770281	56218100
472	66443710	55210738	55770868	56218500
473	66459636	55210344	55770282	56218899
474	66475552	55209951	55770866	56219299
475	66491459	55209558	55770284	56219698
476	66507356	55209166	55770865	56220098
477	66523244	55208774	55770285	56220497
478	66539122	55208384	55770864	56220897
479	66554992	55207993	55770287	56221297
480	66570852	55215398	55770862	56221697
481	66586702	55215014	55770289	56218086
482	66602544	55214630	55770861	56218475
483	66618376	55214248	55770290	56218864
484	66634199	55213866	55770859	56219254
485	66650013	55213485	55770292	56219643
486	66665818	55213105	55770858	56220032
487	66681613	55212726	55770293	56220421
488	66697400	55212347	55770857	56220810
489	66713177	55211969	55770295	56221200
490	66728945	55211592	55770855	56221589
491	66744704	55211215	55770296	56218072
492	66760455	55210839	55770854	56218452
493	66776196	55210463	55770297	56218831
494	66791928	55210089	55770853	56219210
495	66807652	55209715	55770299	56219589
496	66823366	55209341	55770851	56219969
497	66839072	55208968	55770300	56220348
498	66854768	55208596	55770850	56220727
499	66870456	55208224	55770301	56221107
500	66886135	55215279	55770849	56221486
501	66901805	55214912	55770303	56218060
502	66917466	55214547	55770847	56218429
503	66933119	55214182	55770304	56218799
504	66948763	55213817	55770846	56219169
505	66964398	55213454	55770305	56219538
506	66980024	55213091	55770845	56219908
507	66995642	55212729	55770307	56220278
508	67011251	55212368	55770843	56220648
509	67026851	55212007	55770308	56221018
510	67042443	55211647	55770842	56221388
511	67058027	55211287	55770309	56218047
512	67073601	55210928	55770841	56218408
513	67089167	55210570	55770310	56218769
514	67104725	55210212	55770839	56219129
515	67120274	55209855	55770312	56219490
516	67135814	55209499	55770838	56219850
517	67151346	55209143	55770313	56220211
518	67166870	55208787	55770837	56220571
519	67182385	55208432	55770314	56220932
520	67197892	55215167	55770836	56221293
521	67213390	55214817	55770315	56218036
522	67228880	55214467	55770834	56218388
523	67244362	55214118	55770316	56218740
524	67259836	55213770	55770833	56219091
525	67275301	55213423	55770317	56219443
526	67290757	55213076	55770832	56219795
527	67306206	55212729	55770318	56220146
528	67321646	55212384	55770830	56220498
529	67337078	55212039	55770319	56220850
530	67352502	55211695	55770829	56221202
531	67367917	55211351	55770320	56218026
532	67383325	55211008	55770828	56218369
533	67398724	55210665	55770322	56218712
534	67414115	55210323	55770826	56219056
535	67429498	55209982	55770323	56219399
536	67444873	55209641	55770825	56219742
537	67460240	55209300	55770324	56220085
538	67475599	55208960	55770824	56220428
539	67490950	55208621	55770325	56220772
540	67506292	55215061	55770823	56221115
541	67521627	55214726	55770325	56218016
542	67536954	55214391	55770821	56218352
543	67552273	55214057	55770326	56218687
544	67567584	55213723	55770820	56219022
545	67582886	55213391	55770327	56219357
546	67598181	55213058	55770819	56219692
547	67613469	55212727	55770328	56220027
548	67628748	55212396	55770818	56220362
549	67644019	55212065	55770329	56220697
550	67659283	55211735	55770816	56221032
551	67674538	55211406	55770330	56218008
552	67689786	55211077	55770815	56218336
553	67705027	55210749	55770331	56218663
554	67720259	55210421	55770814	56218990
555	67735484	55210094	55770332	56219317
556	67750700	55209767	55770812	56219644
557	67765910	55209441	55770333	56219971
558	67781111	55209115	55770811	56220298
559	67796305	55208790	55770333	56220625
560	67811491	55214961	55770810	56220952
561	67826669	55214639	55770334	56218001
562	67841840	55214318	55770809	56218321
563	67857004	55213997	55770335	56218641
564	67872159	55213677	55770807	56218960
565	67887307	55213358	55770336	56219280
566	67902448	55213039	55770806	56219599
567	67917581	55212721	55770337	56219918
568	67932706	55212403	55770805	56220238
569	67947824	55212086	55770337	56220557
570	67962935	55211769	55770804	56220876
571	67978038	55211453	55770338	56217995
572	67993133	55211138	55770802	56218308
573	68008221	55210823	55770339	56218620
574	68023302	55210508	55770801	56218933
575	68038375	55210194	55770340	56219245
576	68053441	55209880	55770800	56219557
577	68068499	55209567	55770340	56219869
578	68083550	55209255	55770799	56220180
579	68098594	55208943	55770341	56220492
580	68113630	55214865	55770797	56220804
581	68128659	55214556	55770342	56217991
582	68143681	55214247	55770796	56218297
583	68158696	55213939	55770342	56218602
584	68173703	55213632	55770795	56218907
585	68188703	55213325	55770343	56219212
586	68203695	55213018	55770794	56219517
587	68218681	55212712	55770343	56219821
588	68233659	55212407	55770792	56220126
589	68248630	55212102	55770344	56220431
590	68263594	55211797	55770791	56220735
591	68278551	55211493	55770345	56217988
592	68293501	55211190	55770790	56218287
593	68308443	55210887	55770345	56218585
594	68323378	55210585	55770789	56218883
595	68338307	55210283	55770346	56219182
596	68353228	55209981	55770788	56219479
597	68368142	55209680	55770346	56219777
598	68383049	55209379	55770786	56220075
599	68397949	55209079	55770347	56220373
600	68412842	55214775	55770785	56220670
601	68427728	55214477	55770348	56217986
602	68442607	55214180	55770784	56218279
603	68457479	55213883	55770348	56218570
604	68472344	55213587	55770783	56218862
605	68487202	55213291	55770349	56219153
606	68502053	55212996	55770782	56219445
607	68516897	55212701	55770349	56219736
608	68531734	55212407	55770780	56220027
609	68546564	55212113	55770350	56220318
610	68561388	55211820	55770779	56220608
611	68576205	55211527	55770350	56217986
612	68591014	55211235	55770778	56218272
613	68605817	55210943	55770351	56218558
614	68620613	55210652	55770777	56218843
615	68635402	55210361	55770351	56219128
616	68650185	55210070	55770776	56219413
617	68664961	55209780	55770352	56219697
618	68679729	55209491	55770774	56219981
619	68694492	55209201	55770352	56220266
620	68709247	55214689	55770773	56220550
621	68723996	55214402	55770352	56217988
622	68738738	55214115	55770772	56218268
623	68753473	55213829	55770353	56218547
624	68768201	55213543	55770771	56218826
625	68782923	55213258	55770353	56219104
626	68797638	55212973	55770770	56219383
627	68812347	55212689	55770354	56219661
628	68827049	55212405	55770768	56219939
629	68841744	55212122	55770354	56220217
630	68856433	55211839	55770767	56220495
631	68871115	55211556	55770354	56217991
632	68885790	55211274	55770766	56218265
633	68900459	55210993	55770355	56218538
634	68915122	55210711	55770765	56218811
635	68929777	55210431	55770355	56219083
636	68944427	55210150	55770764	56219356
637	68959069	55209870	55770356	56219628
638	68973706	55209591	55770763	56219900
639	68988335	55209311	55770356	56220172
640	69002959	55214609	55770761	56220443
641	69017575	55214331	55770356	56217996
642	69032186	55214054	55770760	56218264
643	69046790	55213778	55770357	56218531
644	69061387	55213502	55770759	56218798
645	69075978	55213226	55770357	56219065
646	69090563	55212951	55770758	56219331
647	69105141	55212676	55770357	56219598
648	69119713	55212402	55770757	56219863
649	69134278	55212128	55770358	56220129
650	69148837	55211855	55770756	56220395
651	69163390	55211582	55770358	56218002
652	69177936	55211309	55770754	56218264
653	69192476	55211037	55770358	56218526
654	69207010	55210765	55770753	56218788
655	69221538	55210493	55770358	56219049
656	69236059	55210222	55770752	56219309
657	69250574	55209951	55770359	56219570
658	69265082	55209681	55770751	56219830
659	69279585	55209411	55770359	56220090
660	69294081	55214534	55770750	56220349
661	69308571	55214266	55770359	56218010
662	69323055	55213998	55770749	56218267
663	69337532	55213730	55770359	56218523
664	69352004	55213463	55770748	56218779
665	69366469	55213196	55770360	56219035
666	69380928	55212930	55770747	56219290
667	69395381	55212664	55770360	56219545
668	69409827	55212399	55770745	56219799
669	69424268	55212133	55770360	56220054
670	69438702	55211869	55770744	56220307
671	69453130	55211604	55770360	56218020
672	69467553	55211340	55770743	56218272
673	69481969	55211077	55770361	56218523
674	69496379	55210813	55770742	56218773
675	69510783	55210550	55770361	56219023
676	69525181	55210288	55770741	56219273
677	69539573	55210025	55770361	56219523
678	69553958	55209763	55770740	56219772
679	69568338	55209502	55770361	56220020
680	69582712	55214466	55770739	56220269
681	69597080	55214206	55770362	56218032
682	69611442	55213946	55770738	56218278
683	69625797	55213687	55770362	56218524
684	69640147	55213428	55770737	56218770
685	69654491	55213170	55770362	56219014
686	69668829	55212912	55770736	56219259
687	69683161	55212654	55770362	56219503
688	69697487	55212396	55770734	56219747
689	69711808	55212139	55770362	56219990
690	69726122	55211883	55770733	56220233
691	69740430	55211626	55770362	56218045
692	69754733	55211370	55770732	56218287
693	69769029	55211114	55770363	56218528
694	69783320	55210859	55770731	56218768
695	69797605	55210604	55770363	56219008
696	69811884	55210349	55770730	56219247
697	69826157	55210094	55770363	56219486
698	69840425	55209840	55770729	56219725
699	69854686	55209586	55770363	56219963
700	69868942	55214405	55770728	56220201
701	69883192	55214152	55770363	56218060
702	69897437	55213901	55770727	56218297
703	69911675	55213649	55770363	56218533
704	69925908	55213398	55770726	56218769
705	69940135	55213147	55770363	56219004
706	69954356	55212897	55770725	56219238
707	69968572	55212647	55770364	56219472
708	69982781	55212397	55770724	56219705
709	69996985	55212147	55770364	56219939
710	70011184	55211898	55770723	56220171
711	70025377	55211649	55770364	56218077
712	70039564	55211400	55770722	56218309
713	70053745	55211152	55770364	56218541
714	70067921	55210903	55770721	56218772
715	70082091	55210655	55770364	56219002
716	70096255	55210408	55770720	56219231
717	70110414	55210160	55770364	56219460
718	70124567	55209913	55770719	56219689
719	70138715	55209666	55770364	56219917
720	70152857	55214351	55770718	56220145
721	70166993	55214107	55770364	56218096
722	70181124	55213862	55770717	56218324
723	70195249	55213618	55770364	56218551
724	70209369	55213374	55770716	56218777
725	70223483	55213130	55770365	56219002
726	70237591	55212887	55770715	56219227
727	70251695	55212644	55770365	56219452
728	70265792	55212401	55770714	56219675
729	70279884	55212158	55770365	56219899
730	70293971	55211916	55770713	56220122
731	70308052	55211674	55770365	56218117
732	70322127	55211432	55770712	56218340
733	70336197	55211190	55770365	56218562
734	70350262	55210949	55770711	56218784
735	70364321	55210707	55770365	56219005
736	70378374	55210466	55770710	56219225
737	70392423	55210225	55770365	56219445
738	70406466	55209985	55770709	56219664
739	70420503	55209744	55770365	56219883
740	70434535	55214307	55770708	56220101
741	70448561	55214069	55770365	56218139
742	70462583	55213832	55770707	56218358
743	70476598	55213594	55770365	56218576
744	70490609	55213357	55770706	56218793
745	70504614	55213120	55770365	56219010
746	70518613	55212883	55770705	56219226
747	70532608	55212647	55770365	56219441
748	70546597	55212410	55770704	56219656
749	70560580	55212174	55770365	56219870
750	70574559	55211938	55770703	56220084
751	70588532	55211702	55770365	56218164
752	70602499	55211467	55770702	56218378
753	70616462	55211231	55770365	56218592
754	70630419	55210996	55770701	56218805
755	70644371	55210761	55770365	56219017
756	70658317	55210526	55770700	56219229
757	70672259	55210291	55770365	56219440
758	70686195	55210057	55770699	56219650
759	70700126	55209823	55770365	56219860
760	70714051	55214272	55770698	56220069
761	70727971	55214041	55770365	56218189
762	70741887	55213810	55770697	56218400
763	70755797	55213579	55770365	56218610
764	70769701	55213348	55770696	56218819
765	70783601	55213118	55770365	56219027
766	70797495	55212887	55770695	56219235
767	70811384	55212657	55770365	56219441
768	70825268	55212426	55770694	56219647
769	70839147	55212196	55770365	56219853
770	70853021	55211966	55770693	56220058
771	70866889	55211737	55770366	56218217
772	70880753	55211507	55770693	56218424
773	70894611	55211277	55770366	56218630
774	70908464	55211048	55770692	56218835
775	70922312	55210819	55770366	56219039
776	70936155	55210589	55770691	56219242
777	70949993	55210360	55770366	56219445
778	70963825	55210131	55770690	56219647
779	70977653	55209902	55770366	56219848
780	70991476	55214248	55770689	56220049
781	71005293	55214023	55770366	56218246
782	71019105	55213798	55770688	56218449
783	71032913	55213573	55770366	56218651
784	71046715	55213348	55770687	56218852
785	71060513	55213124	55770366	56219053
786	71074305	55212899	55770686	56219252
787	71088092	55212675	55770365	56219451
788	71101874	55212450	55770685	56219649
789	71115652	55212226	55770365	56219846
790	71129424	55212002	55770684	56220043
791	71143191	55211778	55770365	56218277
792	71156954	55211553	55770683	56218476
793	71170711	55211329	55770365	56218675
794	71184463	55211105	55770683	56218872
795	71198211	55210881	55770365	56219068
796	71211953	55210658	55770682	56219264
797	71225691	55210434	55770365	56219459
798	71239423	55210210	55770681	56219653
799	71253151	55209986	55770365	56219846
800	71266874	55214235	55770680	56220039
801	71280592	55214016	55770365	56218309
802	71294305	55213797	55770679	56218505
803	71308013	55213578	55770365	56218700
804	71321716	55213359	55770678	56218893
805	71335414	55213140	55770365	56219086
806	71349107	55212921	55770677	56219278
807	71362796	55212702	55770365	56219469
808	71376480	55212484	55770676	56219660
809	71390158	55212265	55770365	56219849
810	71403832	55212046	55770676	56220038
811	71417502	55211827	55770365	56218343
812	71431166	55211608	55770675	56218535
813	71444825	55211389	55770365	56218726
814	71458480	55211171	55770674	56218916
815	71472130	55210952	55770365	56219106
816	71485775	55210733	55770673	56219294
817	71499415	55210514	55770365	56219482
818	71513051	55210295	55770672	56219668
819	71526682	55210076	55770365	56219854
820	71540308	55214235	55770671	56220040
821	71553929	55214022	55770365	56218378
822	71567545	55213809	55770670	56218566
823	71581157	55213595	55770365	56218754
824	71594764	55213382	55770670	56218941
825	71608366	55213169	55770365	56219127
826	71621963	55212955	55770669	56219312
827	71635556	55212742	55770365	56219496
828	71649144	55212529	55770668	56219679
829	71662728	55212315	55770365	56219862
830	71676306	55212102	55770667	56220043
831	71689880	55211888	55770365	56218413
832	71703449	55211674	55770666	56218599
833	71717014	55211460	55770365	56218783
834	71730574	55211247	55770665	56218967
835	71744129	55211033	55770365	56219149
836	71757680	55210819	55770665	56219331
837	71771226	55210604	55770365	56219512
838	71784767	55210390	55770664	56219692
839	71798303	55210176	55770365	56219871
840	71811835	55214250	55770663	56220049
841	71825363	55214042	55770365	56218449
842	71838885	55213835	55770662	56218632
843	71852404	55213627	55770364	56218813
844	71865917	55213420	55770661	56218994
845	71879426	55213212	55770364	56219173
846	71892930	55213004	55770661	56219352
847	71906430	55212796	55770364	56219529
848	71919925	55212588	55770660	56219706
849	71933416	55212380	55770364	56219882
850	71946902	55212172	55770659	56220057
851	71960383	55211963	55770364	56218486
852	71973860	55211755	55770658	56218665
853	71987332	55211546	55770364	56218844
854	72000800	55211337	55770657	56219021
855	72014264	55211128	55770364	56219198
856	72027722	55210919	55770656	56219373
857	72041176	55210709	55770364	56219548
858	72054626	55210500	55770656	56219722
859	72068071	55210290	55770364	56219895
860	72081512	55214280	55770655	56220067
861	72094948	55214079	55770364	56218523
862	72108380	55213878	55770654	56218699
863	72121807	55213676	55770364	56218875
864	72135230	55213474	55770653	56219049
865	72148648	55213273	55770364	56219223
866	72162062	55213071	55770653	56219396
867	72175471	55212869	55770364	56219567
868	72188876	55212666	55770652	56219738
869	72202277	55212464	55770364	56219909
870	72215673	55212261	55770651	56220078
871	72229064	55212058	55770364	56218559
872	72242451	55211855	55770650	56218733
873	72255834	55211651	55770364	56218905
874	72269212	55211448	55770649	56219077
875	72282586	55211244	55770364	56219248
876	72295956	55211039	55770649	56219418
877	72309321	55210835	55770364	56219587
878	72322681	55210630	55770648	56219756
879	72336038	55210425	55770364	56219923
880	72349390	55214329	55770647	56220090
881	72362737	55214135	55770364	56218594
882	72376080	55213940	55770646	56218765
883	72389419	55213745	55770364	56218936
884	72402753	55213550	55770646	56219105
885	72416084	55213355	55770364	56219273
886	72429409	55213159	55770645	56219441
887	72442731	55212964	55770363	56219607
888	72456048	55212768	55770644	56219773
889	72469361	55212572	55770363	56219939
890	72482669	55212375	55770644	56220103
891	72495973	55212178	55770363	56218628
892	72509273	55211981	55770643	56218797
893	72522568	55211784	55770363	56218964
894	72535860	55211586	55770642	56219131
895	72549147	55211388	55770363	56219297
896	72562429	55211189	55770641	56219462
897	72575708	55210990	55770363	56219627
898	72588982	55210791	55770641	56219791
899	72602251	55210591	55770363	56219954
900	72615517	55214398	55770640	56220116
901	72628778	55214211	55770363	56218660
902	72642035	55214024	55770639	56218826
903	72655288	55213837	55770363	56218992
904	72668537	55213650	55770639	56219156
905	72681781	55213463	55770363	56219320
906	72695021	55213275	55770638	56219483
907	72708257	55213087	55770364	56219645
908	72721488	55212899	55770638	56219807
909	72734716	55212711	55770364	56219968
910	72747939	55212522	55770637	56220129
911	72761158	55212332	55770364	56218689
912	72774373	55212143	55770636	56218853
913	72787583	55211953	55770364	56219016
914	72800790	55211762	55770636	56219179
915	72813992	55211571	55770364	56219341
916	72827190	55211380	55770635	56219502
917	72840384	55211187	55770364	56219662
918	72853574	55210995	55770635	56219822
919	72866759	55210801	55770364	56219982
920	72879941	55214487	55770634	56220140
921	72893118	55214311	55770364	56218716
922	72906291	55214134	55770634	56218877
923	72919460	55213957	55770364	56219039
924	72932625	55213780	55770633	56219199
925	72945786	55213603	55770364	56219359
926	72958942	55213425	55770633	56219519
927	72972095	55213248	55770364	56219678
928	72985243	55213070	55770633	56219836
929	72998388	55212892	55770365	56219994
930	73011528	55212713	55770632	56220151
931	73024664	55212534	55770365	56218738
932	73037796	55212355	55770632	56218898
933	73050924	55212175	55770365	56219057
934	73064048	55211994	55770632	56219216
935	73077167	55211813	55770365	56219375
936	73090283	55211632	55770632	56219533
937	73103395	55211449	55770366	56219691
938	73116502	55211266	55770632	56219848
939	73129606	55211082	55770366	56220005
940	73142705	55214594	55770632	56220161
941	73155801	55214431	55770366	56218756
942	73168892	55214268	55770632	56218914
943	73181979	55214105	55770366	56219072
944	73195063	55213942	55770632	56219230
945	73208142	55213780	55770367	56219387
946	73221217	55213617	55770632	56219544
947	73234288	55213455	55770367	56219701
948	73247356	55213292	55770632	56219858
949	73260419	55213130	55770368	56220014
950	73273478	55212967	55770632	56220169
951	73286533	55212804	55770368	56218769
952	73299585	55212640	55770633	56218926
953	73312632	55212477	55770369	56219083
954	73325675	55212313	55770633	56219240
955	73338715	55212148	55770369	56219396
956	73351750	55211983	55770634	56219552
957	73364781	55211817	55770370	56219708
958	73377809	55211650	55770634	56219864
959	73390832	55211483	55770371	56220019
960	73403852	55214683	55770635	56220175
961	73416867	55214538	55770371	56218778
962	73429879	55214394	55770636	56218934
963	73442887	55214250	55770372	56219090
964	73455891	55214108	55770637	56219245
965	73468890	55213966	55770373	56219401
966	73481886	55213826	55770639	56219556
967	73494878	55213686	55770374	56219712
968	73507867	55213547	55770640	56219867
969	73520851	55213408	55770375	56220022
970	73533831	55213271	55770642	56220177
971	73546807	55213134	55770376	56218784
972	73559780	55212998	55770644	56218939
973	73572749	55212862	55770377	56219094
974	73585713	55212727	55770646	56219249
975	73598674	55212592	55770378	56219404
976	73611631	55212458	55770649	56219559
977	73624584	55212324	55770380	56219713
978	73637534	55212191	55770651	56219868
979	73650479	55212057	55770381	56220022
980	73663421	55214584	55770655	56220177
981	73676358	55214451	55770383	56218788
982	73689292	55214320	55770658	56218943
983	73702222	55214189	55770385	56219098
984	73715148	55214060	55770662	56219252
985	73728071	55213933	55770386	56219408
986	73740989	55213807	55770667	56219563
987	73753904	55213683	55770388	56219718
988	73766815	55213560	55770672	56219874
989	73779722	55213438	55770391	56220030
990	73792625	55213318	55770677	56220187
991	73805525	55213200	55770393	56218770
992	73818420	55213083	55770682	56218920
993	73831312	55212968	55770396	56219068
994	73844200	55212855	55770687	56219216
995	73857085	55212744	55770399	56219364
996	73869965	55212634	55770689	56219510
997	73882842	55212527	55770402	56219657
998	73895715	55212422	55770680	56219802
999	73908584	55212320	55770404	56219947
1000	73921450	55214213	55770589	56220093
