# panacus histgrowth ecoli2146.pan.explode.0.og.crush.og.2013.gfa -c bp -q 0,0.95,0.5,0.1 -t 28
panacus	growth	growth	growth	growth
count	bp	bp	bp	bp
coverage	1	1	1	1
quorum	0	0.95	0.5	0.1
0	NaN	NaN	NaN	NaN
1	4822592	4822592	4822592	4822592
2	5791912	3853271	5791912	5791912
3	6473623	3565661	4428491	6473623
4	7019132	3414253	4837095	7019132
5	7481128	3315532	4336011	7481128
6	7885979	3243128	4599712	7885979
7	8248989	3185973	4293670	8248989
8	8579867	3138593	4489428	8579867
9	8885176	3097961	4269295	8885176
10	9169578	3062256	4425730	9169578
11	9436515	3030310	4253363	6500212
12	9688609	3001325	4384144	6663471
13	9927915	2974735	4242070	6816942
14	10156072	2950123	4354742	6961876
15	10374415	2927171	4233609	7099275
16	10584045	2905629	4332769	7229956
17	10785885	2885301	4227016	7354600
18	10980715	2866026	4315669	7473786
19	11169198	2847674	4221724	7588010
20	11351909	3180894	4301950	7697706
21	11529341	3166431	4217381	6695018
22	11701930	3152859	4290680	6785928
23	11870054	3140079	4213752	6873699
24	12034049	3128006	4281244	6958527
25	12194212	3116567	4210677	7040591
26	12350808	3105697	4273223	7120055
27	12504074	3095340	4208039	7197068
28	12654223	3085447	4266316	7271771
29	12801446	3075974	4205753	7344293
30	12945918	3066883	4260303	7414756
31	13087796	3058140	4203756	6775255
32	13227223	3049713	4255021	6838710
33	13364330	3041577	4201998	6900556
34	13499237	3033707	4250344	6960855
35	13632054	3026082	4200441	7019670
36	13762882	3018682	4246173	7077063
37	13891815	3011490	4199054	7133089
38	14018939	3004491	4242430	7187807
39	14144335	2997670	4197813	7241270
40	14268075	3124110	4239054	7293530
41	14390231	3117769	4196696	6820772
42	14510866	3111635	4235993	6869580
43	14630039	3105694	4195689	6917379
44	14747809	3099931	4233205	6964200
45	14864227	3094336	4194776	7010073
46	14979343	3088897	4230658	7055027
47	15093203	3083605	4193947	7099094
48	15205852	3078449	4228320	7142302
49	15317331	3073422	4193191	7184682
50	15427678	3068515	4226169	7226261
51	15536930	3063722	4192501	6850834
52	15645123	3059036	4224184	6890477
53	15752289	3054451	4191870	6929415
54	15858460	3049962	4222346	6967666
55	15963666	3045562	4191290	7005247
56	16067934	3041249	4220641	7042177
57	16171291	3037016	4190758	7078475
58	16273764	3032861	4219056	7114159
59	16375376	3028779	4190268	7149247
60	16476152	3105014	4217578	7183758
61	16576112	3101053	4189816	6872537
62	16675279	3097174	4216198	6905885
63	16773673	3093374	4189399	6938705
64	16871313	3089647	4214907	6971011
65	16968217	3085991	4189013	7002813
66	17064404	3082403	4213697	7034124
67	17159891	3078879	4188656	7064958
68	17254695	3075416	4212562	7095326
69	17348830	3072012	4188326	7125242
70	17442313	3068664	4211495	7154717
71	17535157	3065371	4188019	6889133
72	17627378	3062128	4210491	6917884
73	17718987	3058936	4187735	6946222
74	17810000	3055791	4209544	6974157
75	17900427	3052691	4187471	7001697
76	17990282	3049636	4208651	7028851
77	18079575	3046624	4187225	7055629
78	18168318	3043652	4207807	7082039
79	18256523	3040719	4186997	7108092
80	18344199	3095711	4207009	7133797
81	18431357	3092833	4186785	6902337
82	18518007	3089996	4206253	6927582
83	18604157	3087201	4186587	6952495
84	18689818	3084445	4205537	6977080
85	18774999	3081728	4186403	7001347
86	18859707	3079047	4204858	7025301
87	18943952	3076401	4186232	7048949
88	19027741	3073790	4204213	7072299
89	19111083	3071211	4186072	7095358
90	19193985	3068665	4203601	7118134
91	19276455	3066150	4185924	6913147
92	19358499	3063666	4203018	6935632
93	19440125	3061210	4185785	6957841
94	19521339	3058783	4202463	6979780
95	19602149	3056383	4185656	7001455
96	19682561	3054010	4201935	7022870
97	19762580	3051663	4185536	7044032
98	19842214	3049341	4201432	7064947
99	19921467	3047043	4185424	7085619
100	20000346	3090240	4200952	7106054
101	20078857	3087975	4185319	6922190
102	20157004	3085736	4200493	6942446
103	20234794	3083522	4185222	6962470
104	20312231	3081332	4200056	6982266
105	20389321	3079166	4185132	7001839
106	20466068	3077023	4199638	7021193
107	20542478	3074903	4185047	7040334
108	20618554	3072804	4199238	7059264
109	20694302	3070726	4184969	7077990
110	20769727	3068670	4198856	7096516
111	20844832	3066633	4184896	6929883
112	20919621	3064616	4198490	6948303
113	20994100	3062618	4184828	6966524
114	21068271	3060639	4198139	6984551
115	21142140	3058678	4184765	7002387
116	21215710	3056735	4197803	7020036
117	21288985	3054810	4184706	7037501
118	21361968	3052902	4197482	7054787
119	21434663	3051010	4184652	7071897
120	21507074	3086644	4197173	7088835
121	21579204	3084775	4184602	6936515
122	21651058	3082925	4196877	6953398
123	21722637	3081091	4184555	6970109
124	21793945	3079273	4196593	6986652
125	21864987	3077472	4184512	7003029
126	21935763	3075686	4196320	7019245
127	22006279	3073916	4184472	7035301
128	22076537	3072161	4196057	7051202
129	22146539	3070420	4184436	7066949
130	22216289	3068694	4195805	7082547
131	22285790	3066982	4184402	6942298
132	22355044	3065284	4195563	6957875
133	22424055	3063600	4184371	6973303
134	22492824	3061928	4195330	6988584
135	22561354	3060270	4184342	7003721
136	22629649	3058624	4195106	7018715
137	22697710	3056991	4184316	7033571
138	22765540	3055370	4194890	7048290
139	22833142	3053761	4184293	7062875
140	22900518	3084109	4194682	7077328
141	22967670	3082519	4184271	6947385
142	23034601	3080942	4194482	6961842
143	23101313	3079376	4184251	6976168
144	23167808	3077823	4194289	6990363
145	23234088	3076282	4184234	7004432
146	23300156	3074751	4194103	7018375
147	23366013	3073232	4184218	7032196
148	23431663	3071724	4193923	7045896
149	23497106	3070227	4184203	7059477
150	23562344	3068740	4193751	7072942
151	23627381	3067264	4184191	6951898
152	23692218	3065798	4193584	6965383
153	23756856	3064342	4184179	6978751
154	23821297	3062895	4193423	6992004
155	23885544	3061459	4184170	7005145
156	23949599	3060031	4193267	7018174
157	24013462	3058613	4184161	7031094
158	24077136	3057204	4193117	7043906
159	24140623	3055804	4184154	7056612
160	24203924	3082237	4192972	7069215
161	24267042	3080854	4184148	6955928
162	24329976	3079481	4192832	6968562
163	24392731	3078116	4184143	6981093
164	24455306	3076761	4192696	6993520
165	24517703	3075414	4184139	7005847
166	24579925	3074076	4192565	7018074
167	24641972	3072747	4184136	7030203
168	24703846	3071425	4192438	7042236
169	24765549	3070112	4184133	7054174
170	24827082	3068807	4192316	7066019
171	24888447	3067510	4184132	6959549
172	24949644	3066220	4192197	6971434
173	25010676	3064939	4184132	6983224
174	25071544	3063664	4192082	6994923
175	25132249	3062397	4184132	7006531
176	25192793	3061137	4191971	7018049
177	25253176	3059885	4184133	7029479
178	25313400	3058639	4191863	7040823
179	25373467	3057400	4184134	7052081
180	25433378	3080810	4191759	7063254
181	25493134	3079587	4184137	6962821
182	25552736	3078372	4191658	6974039
183	25612185	3077164	4184139	6985173
184	25671484	3075962	4191560	6996224
185	25730632	3074768	4184143	7007192
186	25789631	3073580	4191465	7018080
187	25848482	3072398	4184147	7028888
188	25907187	3071223	4191373	7039617
189	25965746	3070055	4184151	7050269
190	26024161	3068892	4191283	7060844
191	26082433	3067736	4184156	6965791
192	26140563	3066586	4191196	6976414
193	26198551	3065442	4184161	6986961
194	26256399	3064303	4191112	6997432
195	26314109	3063171	4184166	7007828
196	26371681	3062044	4191031	7018152
197	26429115	3060922	4184172	7028402
198	26486414	3059806	4190951	7038581
199	26543578	3058696	4184178	7048689
200	26600608	3079696	4190874	7058728
201	26657505	3078601	4184185	6968500
202	26714270	3077512	4190799	6978588
203	26770904	3076429	4184191	6988607
204	26827408	3075351	4190727	6998556
205	26883783	3074278	4184198	7008438
206	26940029	3073211	4190656	7018253
207	26996149	3072149	4184206	7028002
208	27052141	3071092	4190587	7037685
209	27108009	3070040	4184213	7047304
210	27163751	3068993	4190521	7056859
211	27219370	3067951	4184221	6970980
212	27274866	3066914	4190456	6980585
213	27330240	3065881	4184229	6990127
214	27385492	3064853	4190392	6999605
215	27440624	3063830	4184237	7009022
216	27495637	3062811	4190331	7018377
217	27550530	3061796	4184245	7027671
218	27605306	3060786	4190271	7036906
219	27659964	3059780	4184253	7046081
220	27714506	3078812	4190213	7055197
221	27768932	3077822	4184262	6973259
222	27823244	3076836	4190156	6982426
223	27877441	3075855	4184270	6991534
224	27931525	3074878	4190101	7000585
225	27985496	3073906	4184279	7009579
226	28039355	3072938	4190047	7018516
227	28093103	3071974	4184288	7027398
228	28146740	3071014	4189995	7036224
229	28200268	3070059	4184297	7044996
230	28253687	3069107	4189943	7053713
231	28306997	3068159	4184306	6975360
232	28360199	3067215	4189894	6984128
233	28413295	3066275	4184315	6992842
234	28466284	3065339	4189845	7001503
235	28519167	3064406	4184324	7010111
236	28571946	3063477	4189798	7018667
237	28624619	3062551	4184333	7027172
238	28677190	3061629	4189752	7035625
239	28729657	3060710	4184342	7044028
240	28782021	3078100	4189706	7052381
241	28834284	3077197	4184351	6977304
242	28886446	3076298	4189663	6985707
243	28938507	3075402	4184360	6994060
244	28990467	3074510	4189620	7002363
245	29042329	3073622	4184369	7010618
246	29094092	3072737	4189578	7018825
247	29145756	3071855	4184379	7026984
248	29197323	3070977	4189537	7035096
249	29248792	3070102	4184388	7043161
250	29300166	3069231	4189497	7051179
251	29351443	3068362	4184397	6979108
252	29402625	3067497	4189458	6987175
253	29453712	3066635	4184406	6995196
254	29504705	3065775	4189420	7003172
255	29555604	3064919	4184415	7011103
256	29606410	3064066	4189383	7018988
257	29657123	3063216	4184424	7026830
258	29707744	3062368	4189346	7034627
259	29758273	3061523	4184433	7042381
260	29808712	3077520	4189311	7050092
261	29859060	3076691	4184443	6980786
262	29909318	3075865	4189276	6988545
263	29959486	3075042	4184452	6996260
264	30009565	3074222	4189242	7003933
265	30059556	3073405	4184461	7011565
266	30109458	3072591	4189208	7019154
267	30159273	3071780	4184470	7026702
268	30209001	3070971	4189176	7034210
269	30258642	3070165	4184479	7041676
270	30308197	3069362	4189144	7049103
271	30357667	3068561	4184487	6982352
272	30407051	3067763	4189113	6989825
273	30456351	3066967	4184496	6997258
274	30505566	3066174	4189082	7004651
275	30554697	3065384	4184505	7012006
276	30603745	3064595	4189053	7019321
277	30652710	3063809	4184514	7026598
278	30701593	3063026	4189023	7033837
279	30750393	3062245	4184523	7041038
280	30799112	3077045	4188995	7048201
281	30847749	3076279	4184531	6983816
282	30896306	3075516	4188967	6991024
283	30944783	3074756	4184540	6998195
284	30993179	3073997	4188939	7005329
285	31041496	3073242	4184548	7012427
286	31089734	3072488	4188912	7019488
287	31137893	3071737	4184557	7026514
288	31185974	3070989	4188886	7033503
289	31233977	3070242	4184565	7040457
290	31281902	3069498	4188860	7047375
291	31329750	3068756	4184573	6985188
292	31377522	3068016	4188834	6992150
293	31425217	3067278	4184582	6999078
294	31472836	3066542	4188810	7005971
295	31520380	3065808	4184590	7012830
296	31567849	3065076	4188785	7019655
297	31615242	3064347	4184598	7026446
298	31662562	3063619	4188761	7033203
299	31709807	3062893	4184606	7039927
300	31756978	3076652	4188738	7046618
301	31804076	3075941	4184614	6986477
302	31851102	3075233	4188715	6993210
303	31898054	3074526	4184622	6999911
304	31944934	3073822	4188692	7006579
305	31991743	3073120	4184630	7013215
306	32038479	3072419	4188670	7019820
307	32085145	3071721	4184638	7026392
308	32131740	3071025	4188648	7032933
309	32178264	3070330	4184646	7039442
310	32224718	3069637	4188627	7045920
311	32271102	3068946	4184653	6987689
312	32317416	3068257	4188606	6994209
313	32363661	3067570	4184661	7000698
314	32409838	3066884	4188585	7007156
315	32455946	3066200	4184669	7013584
316	32501985	3065518	4188565	7019982
317	32547957	3064837	4184676	7026351
318	32593861	3064158	4188545	7032689
319	32639698	3063480	4184683	7038998
320	32685468	3076325	4188525	7045277
321	32731171	3075663	4184691	6988833
322	32776808	3075002	4188506	6995152
323	32822378	3074343	4184698	7001443
324	32867883	3073686	4188487	7007705
325	32913323	3073031	4184705	7013938
326	32958697	3072377	4188468	7020143
327	33004007	3071725	4184712	7026319
328	33049252	3071074	4188450	7032468
329	33094433	3070426	4184719	7038588
330	33139550	3069778	4188432	7044681
331	33184603	3069132	4184726	6989914
332	33229592	3068488	4188415	6996045
333	33274519	3067845	4184733	7002149
334	33319383	3067204	4188397	7008227
335	33364184	3066564	4184740	7014277
336	33408923	3065925	4188380	7020300
337	33453600	3065288	4184747	7026297
338	33498215	3064652	4188363	7032268
339	33542769	3064017	4184754	7038211
340	33587261	3076052	4188347	7044129
341	33631693	3075433	4184760	6990936
342	33676064	3074814	4188330	6996891
343	33720375	3074197	4184767	7002820
344	33764625	3073582	4188314	7008724
345	33808816	3072968	4184774	7014602
346	33852947	3072356	4188299	7020455
347	33897018	3071745	4184780	7026283
348	33941031	3071135	4188283	7032085
349	33984984	3070527	4184787	7037863
350	34028879	3069919	4188268	7043615
351	34072716	3069314	4184793	6991905
352	34116495	3068709	4188253	6997694
353	34160216	3068106	4184799	7003458
354	34203879	3067504	4188238	7009199
355	34247484	3066903	4184805	7014915
356	34291033	3066303	4188223	7020607
357	34334525	3065704	4184812	7026275
358	34377960	3065107	4188209	7031919
359	34421339	3064510	4184818	7037540
360	34464661	3075823	4188195	7043137
361	34507928	3075241	4184824	6992825
362	34551139	3074661	4188181	6998457
363	34594294	3074081	4184830	7004066
364	34637394	3073503	4188167	7009652
365	34680439	3072926	4184836	7015215
366	34723429	3072351	4188153	7020756
367	34766365	3071776	4184842	7026273
368	34809246	3071203	4188140	7031768
369	34852073	3070631	4184847	7037240
370	34894846	3070060	4188127	7042690
371	34937566	3069490	4184853	6993699
372	34980232	3068921	4188114	6999183
373	35022845	3068353	4184859	7004645
374	35065404	3067786	4188101	7010086
375	35107911	3067220	4184865	7015504
376	35150365	3066656	4188089	7020901
377	35192767	3066092	4184870	7026276
378	35235116	3065529	4188076	7031630
379	35277414	3064966	4184876	7036962
380	35319660	3075631	4188064	7042272
381	35361854	3075083	4184881	6994532
382	35403996	3074536	4188052	6999876
383	35446088	3073990	4184887	7005199
384	35488128	3073445	4188040	7010501
385	35530118	3072902	4184892	7015782
386	35572057	3072359	4188028	7021043
387	35613945	3071818	4184897	7026284
388	35655784	3071277	4188016	7031503
389	35697572	3070737	4184903	7036702
390	35739310	3070199	4188005	7041881
391	35780999	3069661	4184908	6995325
392	35822639	3069124	4187994	7000536
393	35864229	3068588	4184913	7005727
394	35905770	3068053	4187983	7010899
395	35947262	3067519	4184918	7016050
396	35988705	3066985	4187972	7021182
397	36030100	3066453	4184923	7026295
398	36071447	3065921	4187961	7031387
399	36112745	3065389	4184928	7036460
400	36153995	3075468	4187950	7041514
401	36195198	3074950	4184933	6996083
402	36236353	3074434	4187939	7001167
403	36277461	3073918	4184938	7006233
404	36318521	3073404	4187929	7011280
405	36359534	3072890	4184943	7016309
406	36400500	3072378	4187919	7021318
407	36441420	3071866	4184948	7026309
408	36482293	3071355	4187909	7031281
409	36523119	3070845	4184953	7036234
410	36563900	3070335	4187898	7041168
411	36604634	3069827	4184958	6996806
412	36645322	3069319	4187889	7001771
413	36685965	3068812	4184962	7006718
414	36726562	3068305	4187879	7011647
415	36767114	3067800	4184967	7016558
416	36807620	3067295	4187869	7021451
417	36848081	3066790	4184972	7026326
418	36888498	3066287	4187860	7031183
419	36928869	3065783	4184976	7036022
420	36969197	3075330	4187850	7040843
421	37009479	3074840	4184981	6997498
422	37049718	3074351	4187841	7002349
423	37089912	3073863	4184986	7007182
424	37130062	3073376	4187832	7011999
425	37170169	3072890	4184990	7016798
426	37210232	3072404	4187823	7021580
427	37250251	3071919	4184994	7026345
428	37290227	3071435	4187814	7031093
429	37330160	3070952	4184999	7035823
430	37370050	3070469	4187805	7040537
431	37409897	3069987	4185003	6998161
432	37449701	3069505	4187796	7002903
433	37489463	3069024	4185008	7007628
434	37529182	3068544	4187787	7012337
435	37568859	3068064	4185012	7017030
436	37608493	3067585	4187779	7021706
437	37648086	3067107	4185016	7026366
438	37687637	3066629	4187770	7031010
439	37727146	3066151	4185021	7035636
440	37766614	3075213	4187762	7040247
441	37806040	3074749	4185025	6998796
442	37845425	3074285	4187754	7003434
443	37884768	3073822	4185029	7008057
444	37924071	3073359	4187746	7012663
445	37963333	3072898	4185033	7017254
446	38002554	3072437	4187738	7021830
447	38041735	3071976	4185037	7026389
448	38080875	3071517	4187730	7030933
449	38119974	3071058	4185041	7035461
450	38159034	3070599	4187722	7039973
451	38198053	3070141	4185045	6999405
452	38237033	3069684	4187714	7003944
453	38275973	3069227	4185049	7008468
454	38314873	3068770	4187706	7012977
455	38353733	3068315	4185053	7017471
456	38392555	3067859	4187699	7021950
457	38431337	3067404	4185057	7026413
458	38470079	3066950	4187691	7030862
459	38508783	3066496	4185061	7035295
460	38547448	3075114	4187684	7039713
461	38586074	3074673	4185065	6999990
462	38624662	3074232	4187677	7004434
463	38663211	3073791	4185069	7008864
464	38701722	3073352	4187669	7013280
465	38740194	3072913	4185073	7017680
466	38778628	3072474	4187662	7022067
467	38817025	3072036	4185077	7026439
468	38855383	3071599	4187655	7030796
469	38893704	3071162	4185081	7035139
470	38931987	3070726	4187648	7039467
471	38970232	3070290	4185084	7000552
472	39008440	3069855	4187641	7004906
473	39046611	3069420	4185088	7009245
474	39084745	3068985	4187634	7013571
475	39122842	3068551	4185092	7017883
476	39160901	3068118	4187628	7022181
477	39198924	3067685	4185096	7026465
478	39236911	3067252	4187621	7030735
479	39274860	3066819	4185099	7034991
480	39312773	3075030	4187614	7039233
481	39350650	3074609	4185103	7001093
482	39388491	3074189	4187608	7005359
483	39426295	3073770	4185107	7009613
484	39464064	3073351	4187601	7013852
485	39501797	3072933	4185110	7018079
486	39539493	3072515	4187595	7022292
487	39577155	3072098	4185114	7026492
488	39614780	3071681	4187588	7030678
489	39652370	3071265	4185117	7034851
490	39689925	3070849	4187582	7039010
491	39727445	3070434	4185121	7001613
492	39764929	3070018	4187576	7005796
493	39802379	3069604	4185124	7009966
494	39839794	3069190	4187570	7014124
495	39877173	3068776	4185128	7018269
496	39914518	3068362	4187564	7022400
497	39951829	3067949	4185131	7026519
498	39989105	3067536	4187558	7030625
499	40026347	3067123	4185135	7034718
500	40063554	3074958	4187552	7038798
501	40100727	3074557	4185138	7002114
502	40137866	3074156	4187546	7006217
503	40174971	3073756	4185142	7010308
504	40212043	3073357	4187540	7014386
505	40249080	3072958	4185145	7018452
506	40286084	3072559	4187535	7022506
507	40323054	3072161	4185149	7026547
508	40359991	3071763	4187529	7030576
509	40396895	3071365	4185152	7034592
510	40433765	3070968	4187523	7038595
511	40470602	3070572	4185155	7002597
512	40507406	3070175	4187518	7006623
513	40544177	3069779	4185159	7010637
514	40580915	3069384	4187512	7014639
515	40617621	3068988	4185162	7018630
516	40654293	3068593	4187507	7022608
517	40690933	3068198	4185165	7026575
518	40727541	3067804	4187501	7030529
519	40764116	3067409	4185169	7034472
520	40800659	3074897	4187496	7038402
521	40837170	3074514	4185172	7003062
522	40873649	3074131	4187491	7007014
523	40910095	3073749	4185175	7010955
524	40946510	3073367	4187486	7014884
525	40982893	3072986	4185178	7018802
526	41019244	3072605	4187481	7022708
527	41055563	3072224	4185182	7026603
528	41091851	3071843	4187475	7030486
529	41128108	3071463	4185185	7034357
530	41164333	3071084	4187470	7038217
531	41200527	3070704	4185188	7003511
532	41236689	3070325	4187465	7007392
533	41272821	3069947	4185191	7011262
534	41308921	3069568	4187460	7015121
535	41344991	3069190	4185194	7018969
536	41381029	3068812	4187456	7022805
537	41417037	3068434	4185198	7026631
538	41453014	3068056	4187451	7030445
539	41488961	3067679	4185201	7034248
540	41524877	3074845	4187446	7038040
541	41560763	3074479	4185204	7003944
542	41596618	3074112	4187441	7007757
543	41632443	3073747	4185207	7011559
544	41668238	3073381	4187437	7015350
545	41704003	3073016	4185210	7019130
546	41739738	3072651	4187432	7022900
547	41775443	3072287	4185213	7026658
548	41811118	3071923	4187427	7030406
549	41846764	3071559	4185216	7034143
550	41882379	3071195	4187423	7037870
551	41917966	3070832	4185219	7004363
552	41953522	3070469	4187418	7008109
553	41989050	3070106	4185222	7011845
554	42024547	3069744	4187414	7015571
555	42060016	3069381	4185225	7019286
556	42095456	3069019	4187410	7022991
557	42130866	3068657	4185229	7026686
558	42166247	3068296	4187405	7030370
559	42201600	3067934	4185232	7034043
560	42236923	3074801	4187401	7037707
561	42272218	3074450	4185235	7004767
562	42307484	3074099	4187397	7008450
563	42342722	3073748	4185238	7012123
564	42377930	3073398	4187393	7015785
565	42413111	3073048	4185241	7019438
566	42448263	3072699	4187388	7023080
567	42483387	3072349	4185244	7026713
568	42518482	3072000	4187384	7030335
569	42553549	3071651	4185247	7033947
570	42588588	3071303	4187380	7037550
571	42623600	3070955	4185249	7005158
572	42658583	3070607	4187376	7008779
573	42693538	3070259	4185252	7012391
574	42728466	3069911	4187372	7015992
575	42763365	3069563	4185255	7019584
576	42798237	3069216	4187368	7023167
577	42833082	3068869	4185258	7026739
578	42867899	3068522	4187364	7030302
579	42902689	3068175	4185261	7033855
580	42937451	3074764	4187361	7037398
581	42972186	3074427	4185264	7005536
582	43006894	3074090	4187357	7009098
583	43041574	3073754	4185267	7012650
584	43076228	3073418	4187353	7016193
585	43110854	3073082	4185270	7019726
586	43145454	3072746	4187349	7023250
587	43180026	3072411	4185273	7026765
588	43214572	3072076	4187346	7030270
589	43249091	3071741	4185276	7033766
590	43283584	3071407	4187342	7037253
591	43318050	3071072	4185279	7005902
592	43352489	3070738	4187338	7009406
593	43386902	3070404	4185281	7012901
594	43421289	3070070	4187335	7016387
595	43455649	3069737	4185284	7019864
596	43489983	3069403	4187331	7023332
597	43524291	3069070	4185287	7026790
598	43558572	3068736	4187328	7030240
599	43592828	3068403	4185290	7033681
600	43627057	3074732	4187324	7037112
601	43661261	3074408	4185293	7006256
602	43695439	3074085	4187321	7009704
603	43729591	3073762	4185296	7013144
604	43763717	3073439	4187317	7016575
605	43797818	3073116	4185298	7019997
606	43831893	3072794	4187314	7023410
607	43865942	3072472	4185301	7026815
608	43899966	3072150	4187311	7030211
609	43933965	3071828	4185304	7033598
610	43967938	3071507	4187307	7036976
611	44001886	3071185	4185307	7006598
612	44035809	3070864	4187304	7009993
613	44069707	3070543	4185309	7013379
614	44103579	3070222	4187301	7016757
615	44137427	3069901	4185312	7020126
616	44171249	3069581	4187298	7023487
617	44205047	3069260	4185315	7026839
618	44238820	3068940	4187294	7030183
619	44272568	3068619	4185318	7033518
620	44306291	3074705	4187291	7036844
621	44339990	3074394	4185320	7006930
622	44373664	3074083	4187288	7010272
623	44407313	3073772	4185323	7013607
624	44440938	3073462	4187285	7016933
625	44474539	3073152	4185326	7020251
626	44508115	3072842	4187282	7023561
627	44541667	3072532	4185329	7026862
628	44575194	3072222	4187279	7030155
629	44608698	3071912	4185331	7033440
630	44642177	3071603	4187276	7036717
631	44675633	3071294	4185334	7007251
632	44709064	3070985	4187273	7010543
633	44742471	3070676	4185337	7013827
634	44775855	3070367	4187270	7017103
635	44809214	3070058	4185340	7020372
636	44842550	3069750	4187267	7023632
637	44875862	3069441	4185342	7026884
638	44909150	3069133	4187265	7030128
639	44942415	3068824	4185345	7033365
640	44975657	3074683	4187262	7036593
641	45008874	3074383	4185348	7007562
642	45042069	3074084	4187259	7010805
643	45075239	3073785	4185350	7014041
644	45108387	3073486	4187256	7017268
645	45141511	3073187	4185353	7020489
646	45174612	3072888	4187254	7023701
647	45207690	3072590	4185356	7026905
648	45240745	3072292	4187251	7030102
649	45273777	3071994	4185358	7033291
650	45306786	3071696	4187248	7036472
651	45339771	3071398	4185361	7007864
652	45372734	3071100	4187246	7011059
653	45405674	3070803	4185364	7014248
654	45438592	3070505	4187243	7017428
655	45471486	3070208	4185366	7020602
656	45504358	3069911	4187240	7023767
657	45537207	3069614	4185369	7026926
658	45570034	3069316	4187238	7030076
659	45602838	3069019	4185371	7033220
660	45635619	3074664	4187235	7036355
661	45668379	3074375	4185374	7008156
662	45701116	3074087	4187233	7011305
663	45733830	3073798	4185377	7014448
664	45766522	3073510	4187230	7017583
665	45799192	3073222	4185379	7020711
666	45831840	3072935	4187228	7023832
667	45864466	3072647	4185382	7026945
668	45897070	3072360	4187225	7030051
669	45929651	3072072	4185384	7033150
670	45962211	3071785	4187223	7036241
671	45994749	3071498	4185387	7008439
672	46027265	3071211	4187221	7011544
673	46059759	3070924	4185390	7014642
674	46092231	3070637	4187218	7017733
675	46124682	3070351	4185392	7020817
676	46157111	3070064	4187216	7023893
677	46189518	3069777	4185395	7026963
678	46221904	3069491	4187214	7030026
679	46254268	3069204	4185397	7033081
680	46286611	3074648	4187211	7036130
681	46318932	3074370	4185400	7008714
682	46351232	3074091	4187209	7011775
683	46383511	3073813	4185402	7014830
684	46415768	3073536	4187207	7017878
685	46448004	3073258	4185405	7020919
686	46480219	3072980	4187205	7023953
687	46512413	3072703	4185408	7026980
688	46544585	3072425	4187202	7030001
689	46576737	3072148	4185410	7033015
690	46608868	3071871	4187200	7036021
691	46640977	3071594	4185413	7008980
692	46673066	3071317	4187198	7011999
693	46705134	3071040	4185415	7015012
694	46737181	3070764	4187196	7018018
695	46769207	3070487	4185418	7021017
696	46801213	3070210	4187194	7024010
697	46833198	3069934	4185420	7026996
698	46865162	3069657	4187192	7029976
699	46897106	3069381	4185423	7032949
700	46929029	3074635	4187190	7035915
701	46960932	3074366	4185425	7009238
702	46992814	3074098	4187188	7012216
703	47024676	3073829	4185428	7015188
704	47056517	3073561	4187186	7018153
705	47088338	3073293	4185430	7021112
706	47120139	3073025	4187184	7024065
707	47151920	3072757	4185433	7027011
708	47183680	3072489	4187182	7029951
709	47215421	3072222	4185435	7032884
710	47247141	3071954	4187180	7035811
711	47278841	3071686	4185438	7009488
712	47310521	3071419	4187178	7012426
713	47342181	3071152	4185440	7015358
714	47373821	3070884	4187176	7018284
715	47405442	3070617	4185443	7021204
716	47437042	3070350	4187174	7024118
717	47468623	3070083	4185445	7027025
718	47500183	3069815	4187172	7029926
719	47531725	3069548	4185447	7032821
720	47563246	3074624	4187170	7035709
721	47594748	3074365	4185450	7009731
722	47626230	3074105	4187168	7012630
723	47657693	3073846	4185452	7015524
724	47689136	3073587	4187167	7018411
725	47720560	3073328	4185455	7021293
726	47751964	3073069	4187165	7024168
727	47783349	3072810	4185457	7027037
728	47814715	3072551	4187163	7029901
729	47846061	3072292	4185460	7032758
730	47877388	3072034	4187161	7035609
731	47908696	3071775	4185462	7009966
732	47939984	3071517	4187159	7012828
733	47971254	3071258	4185464	7015684
734	48002504	3071000	4187158	7018534
735	48033735	3070741	4185467	7021378
736	48064947	3070483	4187156	7024216
737	48096141	3070225	4185469	7027049
738	48127315	3069966	4187154	7029875
739	48158470	3069708	4185472	7032696
740	48189607	3074616	4187153	7035511
741	48220724	3074365	4185474	7010194
742	48251823	3074114	4187151	7013019
743	48282903	3073863	4185476	7015839
744	48313965	3073612	4187149	7018652
745	48345008	3073362	4185479	7021460
746	48376032	3073111	4187148	7024262
747	48407037	3072861	4185481	7027059
748	48438024	3072611	4187146	7029850
749	48468992	3072360	4185484	7032635
750	48499942	3072110	4187144	7035414
751	48530874	3071860	4185486	7010416
752	48561787	3071610	4187143	7013205
753	48592682	3071360	4185488	7015988
754	48623558	3071110	4187141	7018767
755	48654416	3070860	4185491	7021539
756	48685256	3070610	4187140	7024306
757	48716077	3070360	4185493	7027068
758	48746881	3070111	4187138	7029824
759	48777666	3069861	4185495	7032574
760	48808433	3074609	4187137	7035319
761	48839182	3074366	4185498	7010631
762	48869913	3074123	4187135	7013385
763	48900626	3073880	4185500	7016133
764	48931321	3073638	4187134	7018877
765	48961998	3073395	4185502	7021615
766	48992657	3073153	4187132	7024348
767	49023299	3072911	4185505	7027075
768	49053922	3072668	4187131	7029797
769	49084528	3072426	4185507	7032514
770	49115116	3072184	4187129	7035225
771	49145686	3071942	4185509	7010839
772	49176238	3071700	4187128	7013559
773	49206773	3071458	4185512	7016274
774	49237291	3071216	4187126	7018983
775	49267790	3070974	4185514	7021688
776	49298272	3070732	4187125	7024387
777	49328737	3070490	4185516	7027081
778	49359184	3070248	4187124	7029770
779	49389614	3070006	4185518	7032454
780	49420026	3074604	4187122	7035132
781	49450421	3074368	4185521	7011041
782	49480799	3074133	4187121	7013728
783	49511159	3073898	4185523	7016409
784	49541502	3073663	4187119	7019086
785	49571828	3073428	4185525	7021758
786	49602136	3073194	4187118	7024425
787	49632428	3072959	4185527	7027086
788	49662702	3072724	4187117	7029743
789	49692959	3072490	4185530	7032394
790	49723199	3072255	4187115	7035041
791	49753422	3072021	4185532	7011237
792	49783628	3071786	4187114	7013891
793	49813817	3071552	4185534	7016541
794	49843989	3071317	4187113	7019185
795	49874144	3071083	4185536	7021825
796	49904282	3070849	4187111	7024460
797	49934404	3070614	4185539	7027090
798	49964509	3070380	4187110	7029715
799	49994596	3070145	4185541	7032335
800	50024668	3074600	4187109	7034950
801	50054722	3074372	4185543	7011427
802	50084760	3074144	4187108	7014049
803	50114781	3073916	4185545	7016667
804	50144785	3073688	4187106	7019281
805	50174773	3073461	4185547	7021889
806	50204744	3073233	4187105	7024493
807	50234699	3073006	4185550	7027092
808	50264637	3072778	4187104	7029687
809	50294559	3072551	4185552	7032276
810	50324465	3072324	4187103	7034861
811	50354353	3072096	4185554	7011611
812	50384226	3071869	4187102	7014203
813	50414082	3071642	4185556	7016790
814	50443922	3071415	4187100	7019373
815	50473746	3071187	4185558	7021951
816	50503553	3070960	4187099	7024524
817	50533345	3070733	4185561	7027093
818	50563120	3070506	4187098	7029658
819	50592879	3070278	4185563	7032217
820	50622621	3074597	4187097	7034772
821	50652348	3074376	4185565	7011789
822	50682059	3074155	4187096	7014351
823	50711753	3073934	4185567	7016908
824	50741432	3073713	4187095	7019461
825	50771094	3073492	4185569	7022010
826	50800741	3073272	4187093	7024554
827	50830372	3073051	4185571	7027093
828	50859986	3072830	4187092	7029628
829	50889585	3072610	4185573	7032158
830	50919168	3072389	4187091	7034684
831	50948736	3072169	4185575	7011962
832	50978287	3071949	4187090	7014494
833	51007823	3071728	4185578	7017022
834	51037343	3071508	4187089	7019546
835	51066848	3071287	4185580	7022066
836	51096336	3071067	4187088	7024581
837	51125809	3070847	4185582	7027091
838	51155267	3070626	4187087	7029598
839	51184709	3070406	4185584	7032099
840	51214135	3074595	4187086	7034597
841	51243546	3074381	4185586	7012130
842	51272942	3074166	4187085	7014633
843	51302322	3073952	4185588	7017133
844	51331686	3073737	4187084	7019628
845	51361035	3073523	4185590	7022119
846	51390369	3073309	4187082	7024606
847	51419687	3073095	4185592	7027088
848	51448991	3072881	4187081	7029567
849	51478278	3072667	4185594	7032041
850	51507551	3072453	4187080	7034510
851	51536808	3072239	4185596	7012292
852	51566050	3072025	4187079	7014768
853	51595277	3071811	4185598	7017239
854	51624489	3071597	4187078	7019706
855	51653686	3071383	4185600	7022170
856	51682867	3071169	4187077	7024629
857	51712034	3070955	4185602	7027084
858	51741185	3070742	4187076	7029535
859	51770321	3070528	4185604	7031982
860	51799443	3074594	4187075	7034424
861	51828549	3074386	4185606	7012449
862	51857641	3074178	4187074	7014897
863	51886717	3073969	4185608	7017341
864	51915779	3073761	4187073	7019781
865	51944826	3073553	4185610	7022218
866	51973858	3073346	4187072	7024650
867	52002875	3073138	4185612	7027078
868	52031877	3072930	4187071	7029502
869	52060865	3072722	4185614	7031922
870	52089838	3072514	4187070	7034338
871	52118796	3072306	4185616	7012602
872	52147740	3072099	4187069	7015023
873	52176669	3071891	4185618	7017440
874	52205583	3071683	4187068	7019854
875	52234483	3071475	4185620	7022263
876	52263368	3071268	4187067	7024669
877	52292238	3071060	4185622	7027071
878	52321094	3070852	4187067	7029469
879	52349936	3070644	4185624	7031863
880	52378763	3074594	4187066	7034253
881	52407576	3074391	4185626	7012749
882	52436374	3074189	4187065	7015144
883	52465158	3073987	4185628	7017535
884	52493927	3073785	4187064	7019923
885	52522682	3073583	4185630	7022306
886	52551423	3073381	4187063	7024686
887	52580149	3073179	4185632	7027062
888	52608861	3072977	4187062	7029435
889	52637559	3072775	4185634	7031803
890	52666243	3072573	4187061	7034168
891	52694913	3072371	4185636	7012892
892	52723568	3072169	4187060	7015261
893	52752209	3071968	4185637	7017627
894	52780836	3071766	4187059	7019988
895	52809449	3071564	4185639	7022347
896	52838048	3071362	4187058	7024701
897	52866633	3071160	4185641	7027052
898	52895203	3070958	4187057	7029400
899	52923760	3070756	4185643	7031743
900	52952303	3074594	4187056	7034083
901	52980832	3074397	4185645	7013030
902	53009347	3074201	4187055	7015374
903	53037848	3074004	4185647	7017715
904	53066335	3073808	4187055	7020051
905	53094808	3073612	4185649	7022385
906	53123267	3073415	4187054	7024715
907	53151713	3073219	4185650	7027041
908	53180145	3073023	4187053	7029364
909	53208563	3072826	4185652	7031683
910	53236967	3072630	4187052	7033999
911	53265357	3072434	4185654	7013164
912	53293734	3072238	4187051	7015483
913	53322097	3072041	4185656	7017799
914	53350447	3071845	4187050	7020111
915	53378783	3071649	4185658	7022420
916	53407105	3071453	4187049	7024726
917	53435413	3071256	4185659	7027028
918	53463708	3071060	4187048	7029327
919	53491990	3070864	4185661	7031623
920	53520258	3074595	4187048	7033915
921	53548512	3074404	4185663	7013293
922	53576753	3074213	4187047	7015588
923	53604981	3074021	4185665	7017880
924	53633195	3073830	4187046	7020169
925	53661396	3073639	4185667	7022454
926	53689583	3073448	4187045	7024736
927	53717757	3073257	4185668	7027014
928	53745918	3073067	4187044	7029290
929	53774065	3072876	4185670	7031562
930	53802199	3072685	4187043	7033830
931	53830320	3072494	4185672	7013418
932	53858427	3072303	4187042	7015690
933	53886521	3072112	4185673	7017958
934	53914602	3071922	4187042	7020223
935	53942670	3071731	4185675	7022485
936	53970725	3071540	4187041	7024743
937	53998766	3071349	4185677	7026999
938	54026795	3071158	4187040	7029251
939	54054810	3070967	4185679	7031500
940	54082812	3074596	4187039	7033746
941	54110801	3074410	4185680	7013539
942	54138778	3074224	4187038	7015787
943	54166741	3074038	4185682	7018032
944	54194691	3073852	4187037	7020274
945	54222628	3073666	4185684	7022513
946	54250552	3073481	4187037	7024749
947	54278463	3073295	4185685	7026982
948	54306361	3073109	4187036	7029212
949	54334247	3072923	4185687	7031439
950	54362119	3072738	4187035	7033662
951	54389979	3072552	4185689	7013656
952	54417826	3072366	4187034	7015881
953	54445660	3072181	4185690	7018104
954	54473481	3071995	4187033	7020323
955	54501290	3071809	4185692	7022540
956	54529085	3071624	4187032	7024753
957	54556868	3071438	4185693	7026964
958	54584638	3071252	4187032	7029172
959	54612396	3071066	4185695	7031376
960	54640141	3074598	4187031	7033578
961	54667873	3074417	4185697	7013768
962	54695593	3074236	4187030	7015971
963	54723300	3074055	4185698	7018172
964	54750994	3073874	4187029	7020369
965	54778676	3073693	4185700	7022564
966	54806345	3073512	4187028	7024756
967	54834002	3073331	4185701	7026945
968	54861646	3073150	4187028	7029131
969	54889278	3072969	4185703	7031314
970	54916898	3072789	4187027	7033494
971	54944504	3072608	4185705	7013877
972	54972099	3072427	4187026	7016058
973	54999681	3072246	4185706	7018237
974	55027250	3072066	4187025	7020413
975	55054808	3071885	4185708	7022586
976	55082353	3071704	4187024	7024756
977	55109885	3071523	4185709	7026924
978	55137405	3071342	4187023	7029089
979	55164913	3071161	4185711	7031251
980	55192409	3074599	4187023	7033410
981	55219892	3074423	4185712	7013982
982	55247364	3074247	4187022	7016142
983	55274823	3074071	4185714	7018299
984	55302269	3073894	4187021	7020454
985	55329704	3073718	4185715	7022606
986	55357126	3073542	4187020	7024755
987	55384537	3073366	4185717	7026902
988	55411935	3073190	4187019	7029046
989	55439321	3073014	4185718	7031187
990	55466695	3072838	4187019	7033325
991	55494057	3072662	4185720	7014083
992	55521406	3072486	4187018	7016222
993	55548744	3072310	4185721	7018358
994	55576070	3072134	4187017	7020492
995	55603384	3071958	4185723	7022623
996	55630685	3071781	4187016	7024752
997	55657975	3071605	4185724	7026878
998	55685253	3071429	4187015	7029002
999	55712519	3071253	4185725	7031123
1000	55739773	3074601	4187014	7033241
1001	55767016	3074429	4185727	7014180
1002	55794246	3074258	4187014	7016298
1003	55821464	3074086	4185728	7018414
1004	55848671	3073914	4187013	7020528
1005	55875866	3073743	4185730	7022639
1006	55903049	3073571	4187012	7024748
1007	55930220	3073400	4185731	7026854
1008	55957380	3073228	4187011	7028957
1009	55984527	3073057	4185732	7031058
1010	56011663	3072885	4187010	7033156
1011	56038788	3072714	4185734	7014274
1012	56065900	3072542	4187010	7016372
1013	56093001	3072371	4185735	7018468
1014	56120091	3072199	4187009	7020561
1015	56147168	3072028	4185736	7022653
1016	56174234	3071856	4187008	7024741
1017	56201289	3071684	4185738	7026827
1018	56228332	3071513	4187007	7028911
1019	56255363	3071341	4185739	7030993
1020	56282383	3074603	4187006	7033072
1021	56309391	3074436	4185740	7014364
1022	56336388	3074268	4187005	7016442
1023	56363373	3074101	4185742	7018518
1024	56390347	3073934	4187005	7020592
1025	56417309	3073767	4185743	7022664
1026	56444260	3073599	4187004	7024733
1027	56471199	3073432	4185744	7026800
1028	56498127	3073265	4187003	7028865
1029	56525044	3073098	4185746	7030927
1030	56551949	3072931	4187002	7032987
1031	56578843	3072764	4185747	7014450
1032	56605725	3072596	4187001	7016509
1033	56632596	3072429	4185748	7018566
1034	56659456	3072262	4187000	7020621
1035	56686305	3072095	4185749	7022673
1036	56713142	3071928	4187000	7024724
1037	56739968	3071760	4185751	7026771
1038	56766783	3071593	4186999	7028817
1039	56793586	3071426	4185752	7030860
1040	56820379	3074605	4186998	7032901
1041	56847160	3074442	4185753	7014534
1042	56873930	3074279	4186997	7016574
1043	56900688	3074116	4185754	7018612
1044	56927436	3073953	4186996	7020647
1045	56954172	3073789	4185756	7022681
1046	56980898	3073626	4186995	7024712
1047	57007612	3073463	4185757	7026741
1048	57034315	3073300	4186994	7028769
1049	57061008	3073137	4185758	7030793
1050	57087689	3072975	4186994	7032816
1051	57114359	3072812	4185759	7014613
1052	57141018	3072649	4186993	7016635
1053	57167666	3072486	4185760	7018654
1054	57194303	3072323	4186992	7020671
1055	57220929	3072160	4185761	7022686
1056	57247544	3071997	4186991	7024699
1057	57274148	3071834	4185763	7026710
1058	57300741	3071671	4186990	7028719
1059	57327324	3071508	4185764	7030726
1060	57353895	3074607	4186989	7032730
1061	57380456	3074448	4185765	7014690
1062	57407005	3074289	4186988	7016693
1063	57433544	3074130	4185766	7018694
1064	57460072	3073971	4186987	7020693
1065	57486590	3073812	4185767	7022690
1066	57513096	3073653	4186987	7024685
1067	57539592	3073494	4185768	7026678
1068	57566076	3073335	4186986	7028669
1069	57592551	3073176	4185769	7030658
1070	57619014	3073017	4186985	7032644
1071	57645467	3072858	4185770	7014763
1072	57671909	3072699	4186984	7016748
1073	57698340	3072540	4185771	7018731
1074	57724760	3072381	4186983	7020713
1075	57751170	3072222	4185772	7022692
1076	57777570	3072063	4186982	7024669
1077	57803958	3071904	4185773	7026644
1078	57830336	3071745	4186981	7028617
1079	57856704	3071586	4185774	7030589
1080	57883060	3074609	4186980	7032558
1081	57909407	3074454	4185775	7014834
1082	57935742	3074298	4186979	7016801
1083	57962068	3074143	4185776	7018766
1084	57988382	3073988	4186979	7020730
1085	58014686	3073833	4185777	7022692
1086	58040980	3073678	4186978	7024651
1087	58067263	3073522	4185778	7026609
1088	58093536	3073367	4186977	7028565
1089	58119798	3073212	4185779	7030519
1090	58146050	3073057	4186976	7032472
1091	58172291	3072902	4185780	7014901
1092	58198522	3072747	4186975	7016851
1093	58224743	3072592	4185781	7018799
1094	58250953	3072437	4186974	7020745
1095	58277152	3072282	4185782	7022690
1096	58303342	3072127	4186973	7024632
1097	58329521	3071972	4185783	7026573
1098	58355690	3071817	4186972	7028512
1099	58381848	3071661	4185784	7030449
1100	58407996	3074610	4186971	7032385
1101	58434134	3074459	4185785	7014965
1102	58460262	3074307	4186970	7016898
1103	58486379	3074156	4185786	7018829
1104	58512486	3074004	4186969	7020758
1105	58538583	3073853	4185787	7022686
1106	58564670	3073702	4186968	7024612
1107	58590746	3073550	4185788	7026536
1108	58616813	3073399	4186967	7028458
1109	58642869	3073248	4185789	7030379
1110	58668915	3073096	4186966	7032298
1111	58694951	3072945	4185789	7015027
1112	58720976	3072794	4186965	7016942
1113	58746992	3072642	4185790	7018857
1114	58772997	3072491	4186964	7020769
1115	58798993	3072340	4185791	7022680
1116	58824978	3072188	4186963	7024590
1117	58850953	3072037	4185792	7026497
1118	58876919	3071886	4186962	7028403
1119	58902874	3071734	4185793	7030308
1120	58928819	3074612	4186961	7032210
1121	58954754	3074464	4185794	7015085
1122	58980679	3074316	4186961	7016984
1123	59006595	3074168	4185794	7018882
1124	59032500	3074020	4186960	7020778
1125	59058395	3073872	4185795	7022673
1126	59084280	3073724	4186959	7024566
1127	59110156	3073577	4185796	7026458
1128	59136021	3073429	4186958	7028348
1129	59161877	3073281	4185797	7030236
1130	59187723	3073134	4186957	7032123
1131	59213558	3072986	4185797	7015141
1132	59239384	3072838	4186956	7017024
1133	59265201	3072690	4185798	7018905
1134	59291007	3072543	4186955	7020786
1135	59316803	3072395	4185799	7022664
1136	59342590	3072247	4186953	7024541
1137	59368367	3072100	4185800	7026417
1138	59394134	3071952	4186952	7028291
1139	59419892	3071804	4185800	7030164
1140	59445639	3074613	4186951	7032035
1141	59471377	3074468	4185801	7015193
1142	59497105	3074324	4186950	7017061
1143	59522824	3074179	4185802	7018926
1144	59548532	3074035	4186949	7020791
1145	59574231	3073891	4185802	7022654
1146	59599921	3073746	4186948	7024515
1147	59625600	3073602	4185803	7026375
1148	59651270	3073458	4186947	7028234
1149	59676931	3073313	4185804	7030091
1150	59702581	3073169	4186946	7031947
1151	59728223	3073025	4185804	7015244
1152	59753854	3072881	4186945	7017095
1153	59779476	3072737	4185805	7018945
1154	59805089	3072592	4186944	7020794
1155	59830691	3072448	4185806	7022642
1156	59856285	3072304	4186943	7024488
1157	59881868	3072160	4185806	7026332
1158	59907443	3072015	4186942	7028176
1159	59933007	3071871	4185807	7030017
1160	59958562	3074613	4186941	7031858
1161	59984108	3074472	4185807	7015291
1162	60009644	3074331	4186940	7017127
1163	60035171	3074190	4185808	7018962
1164	60060689	3074049	4186939	7020796
1165	60086196	3073908	4185809	7022628
1166	60111695	3073767	4186938	7024459
1167	60137184	3073626	4185809	7026288
1168	60162664	3073485	4186937	7028117
1169	60188134	3073344	4185810	7029944
1170	60213595	3073203	4186935	7031769
1171	60239046	3073063	4185810	7015336
1172	60264488	3072922	4186934	7017157
1173	60289921	3072781	4185811	7018977
1174	60315345	3072640	4186933	7020795
1175	60340759	3072499	4185811	7022613
1176	60366164	3072358	4186932	7024429
1177	60391559	3072217	4185812	7026243
1178	60416945	3072077	4186931	7028057
1179	60442323	3071936	4185812	7029869
1180	60467690	3074614	4186930	7031680
1181	60493049	3074476	4185813	7015378
1182	60518398	3074338	4186929	7017184
1183	60543738	3074200	4185813	7018989
1184	60569069	3074062	4186928	7020793
1185	60594391	3073924	4185814	7022596
1186	60619703	3073787	4186926	7024397
1187	60645006	3073649	4185814	7026197
1188	60670300	3073511	4186925	7027996
1189	60695585	3073374	4185815	7029794
1190	60720861	3073236	4186924	7031590
1191	60746128	3073098	4185815	7015418
1192	60771385	3072961	4186923	7017210
1193	60796634	3072823	4185815	7019000
1194	60821873	3072686	4186922	7020789
1195	60847104	3072548	4185816	7022577
1196	60872325	3072410	4186921	7024364
1197	60897537	3072273	4185816	7026150
1198	60922740	3072135	4186919	7027935
1199	60947934	3071997	4185817	7029718
1200	60973119	3074613	4186918	7031501
1201	60998295	3074478	4185817	7015456
1202	61023462	3074344	4186917	7017233
1203	61048620	3074209	4185817	7019009
1204	61073769	3074074	4186916	7020784
1205	61098909	3073940	4185818	7022558
1206	61124040	3073805	4186915	7024331
1207	61149163	3073670	4185818	7026102
1208	61174276	3073536	4186913	7027873
1209	61199380	3073401	4185818	7029642
1210	61224475	3073267	4186912	7031411
1211	61249562	3073132	4185819	7015491
1212	61274639	3072998	4186911	7017254
1213	61299708	3072864	4185819	7019016
1214	61324768	3072729	4186910	7020777
1215	61349819	3072595	4185819	7022537
1216	61374861	3072460	4186908	7024296
1217	61399894	3072326	4185820	7026053
1218	61424919	3072191	4186907	7027810
1219	61449935	3072057	4185820	7029566
1220	61474941	3074612	4186906	7031321
1221	61499939	3074481	4185820	7015524
1222	61524929	3074349	4186905	7017273
1223	61549909	3074217	4185820	7019021
1224	61574881	3074085	4186903	7020768
1225	61599844	3073954	4185821	7022514
1226	61624798	3073822	4186902	7024259
1227	61649744	3073691	4185821	7026004
1228	61674680	3073559	4186901	7027747
1229	61699609	3073428	4185821	7029489
1230	61724528	3073296	4186900	7031230
1231	61749439	3073165	4185821	7015554
1232	61774341	3073034	4186898	7017290
1233	61799234	3072902	4185821	7019024
1234	61824119	3072771	4186897	7020758
1235	61848995	3072639	4185822	7022490
1236	61873862	3072508	4186896	7024222
1237	61898721	3072377	4185822	7025953
1238	61923571	3072245	4186894	7027683
1239	61948413	3072114	4185822	7029412
1240	61973246	3074611	4186893	7031139
1241	61998070	3074482	4185822	7015583
1242	62022886	3074353	4186892	7017305
1243	62047693	3074224	4185822	7019026
1244	62072492	3074096	4186890	7020746
1245	62097282	3073967	4185822	7022465
1246	62122064	3073838	4186889	7024184
1247	62146837	3073710	4185822	7025901
1248	62171602	3073581	4186888	7027618
1249	62196358	3073453	4185822	7029334
1250	62221106	3073324	4186886	7031049
1251	62245845	3073196	4185823	7015609
1252	62270575	3073067	4186885	7017318
1253	62295298	3072939	4185823	7019026
1254	62320011	3072810	4186884	7020733
1255	62344717	3072682	4185823	7022439
1256	62369414	3072553	4186882	7024144
1257	62394102	3072425	4185823	7025849
1258	62418782	3072297	4186881	7027553
1259	62443454	3072168	4185823	7029255
1260	62468117	3074609	4186879	7030957
1261	62492772	3074483	4185823	7015633
1262	62517419	3074357	4186878	7017329
1263	62542057	3074231	4185823	7019024
1264	62566687	3074105	4186877	7020718
1265	62591308	3073979	4185823	7022411
1266	62615921	3073853	4186875	7024104
1267	62640526	3073728	4185823	7025796
1268	62665123	3073602	4186874	7027487
1269	62689711	3073476	4185823	7029177
1270	62714291	3073350	4186872	7030866
1271	62738863	3073225	4185823	7015656
1272	62763426	3073099	4186871	7017338
1273	62787981	3072974	4185823	7019020
1274	62812528	3072848	4186869	7020702
1275	62837067	3072722	4185823	7022382
1276	62861597	3072597	4186868	7024062
1277	62886120	3072471	4185823	7025742
1278	62910634	3072346	4186867	7027420
1279	62935139	3072220	4185823	7029098
1280	62959637	3074606	4186865	7030775
1281	62984126	3074483	4185823	7015676
1282	63008608	3074360	4186864	7017346
1283	63033081	3074236	4185822	7019015
1284	63057546	3074113	4186862	7020684
1285	63082002	3073990	4185822	7022353
1286	63106451	3073867	4186861	7024020
1287	63130892	3073744	4185822	7025687
1288	63155324	3073621	4186859	7027353
1289	63179748	3073498	4185822	7029018
1290	63204164	3073375	4186858	7030683
1291	63228573	3073252	4185822	7015694
1292	63252973	3073129	4186856	7017352
1293	63277365	3073007	4185822	7019009
1294	63301748	3072884	4186855	7020666
1295	63326124	3072761	4185822	7022322
1296	63350492	3072638	4186853	7023977
1297	63374852	3072515	4185821	7025631
1298	63399204	3072393	4186852	7027286
1299	63423547	3072270	4185821	7028939
1300	63447883	3074603	4186850	7030592
1301	63472211	3074482	4185821	7015711
1302	63496531	3074361	4186848	7017356
1303	63520842	3074241	4185821	7019001
1304	63545146	3074120	4186847	7020646
1305	63569442	3074000	4185821	7022289
1306	63593730	3073879	4186845	7023933
1307	63618010	3073759	4185820	7025575
1308	63642282	3073639	4186844	7027218
1309	63666546	3073518	4185820	7028859
1310	63690802	3073398	4186842	7030500
1311	63715050	3073278	4185820	7015725
1312	63739291	3073158	4186841	7017359
1313	63763523	3073038	4185820	7018992
1314	63787748	3072918	4186839	7020624
1315	63811965	3072797	4185819	7022256
1316	63836173	3072677	4186837	7023888
1317	63860374	3072557	4185819	7025519
1318	63884568	3072437	4186836	7027149
1319	63908753	3072317	4185819	7028779
1320	63932931	3074599	4186834	7030408
1321	63957100	3074481	4185818	7015738
1322	63981262	3074362	4186833	7017360
1323	64005416	3074244	4185818	7018981
1324	64029563	3074126	4186831	7020602
1325	64053701	3074008	4185818	7022222
1326	64077832	3073891	4186829	7023842
1327	64101955	3073773	4185817	7025461
1328	64126070	3073655	4186828	7027080
1329	64150178	3073537	4185817	7028698
1330	64174277	3073420	4186826	7030316
1331	64198369	3073302	4185817	7015750
1332	64222454	3073184	4186824	7017360
1333	64246530	3073067	4185816	7018970
1334	64270599	3072949	4186823	7020579
1335	64294660	3072832	4185816	7022188
1336	64318714	3072714	4186821	7023796
1337	64342760	3072597	4185815	7025404
1338	64366798	3072479	4186819	7027011
1339	64390828	3072362	4185815	7028618
1340	64414851	3074594	4186817	7030224
1341	64438866	3074478	4185815	7015760
1342	64462874	3074362	4186816	7017358
1343	64486874	3074247	4185814	7018956
1344	64510866	3074131	4186814	7020554
1345	64534851	3074016	4185814	7022152
1346	64558828	3073901	4186812	7023749
1347	64582798	3073785	4185813	7025345
1348	64606760	3073670	4186811	7026941
1349	64630714	3073555	4185813	7028537
1350	64654661	3073440	4186809	7030132
1351	64678600	3073324	4185812	7015768
1352	64702532	3073209	4186807	7017355
1353	64726456	3073094	4185812	7018942
1354	64750373	3072979	4186805	7020529
1355	64774282	3072864	4185811	7022115
1356	64798183	3072749	4186803	7023701
1357	64822077	3072634	4185811	7025287
1358	64845964	3072519	4186802	7026872
1359	64869843	3072404	4185810	7028456
1360	64893715	3074588	4186800	7030041
1361	64917579	3074475	4185809	7015775
1362	64941435	3074362	4186798	7017351
1363	64965284	3074248	4185809	7018927
1364	64989126	3074135	4186796	7020502
1365	65012960	3074022	4185808	7022078
1366	65036787	3073909	4186794	7023653
1367	65060607	3073796	4185808	7025227
1368	65084419	3073683	4186793	7026802
1369	65108223	3073571	4185807	7028375
1370	65132020	3073458	4186791	7029949
1371	65155810	3073345	4185807	7015780
1372	65179593	3073233	4186789	7017345
1373	65203368	3073120	4185806	7018910
1374	65227135	3073007	4186787	7020475
1375	65250896	3072895	4185805	7022040
1376	65274649	3072782	4186785	7023604
1377	65298394	3072670	4185805	7025168
1378	65322132	3072557	4186783	7026731
1379	65345863	3072445	4185804	7028294
1380	65369587	3074582	4186781	7029857
1381	65393303	3074471	4185803	7015784
1382	65417012	3074360	4186780	7017338
1383	65440714	3074249	4185803	7018893
1384	65464408	3074138	4186778	7020447
1385	65488095	3074027	4185802	7022001
1386	65511775	3073917	4186776	7023554
1387	65535447	3073806	4185801	7025108
1388	65559113	3073696	4186774	7026661
1389	65582771	3073585	4185800	7028214
1390	65606421	3073475	4186772	7029766
1391	65630065	3073364	4185800	7015786
1392	65653701	3073254	4186770	7017331
1393	65677330	3073144	4185799	7018874
1394	65700952	3073033	4186768	7020418
1395	65724567	3072923	4185798	7021961
1396	65748174	3072813	4186766	7023505
1397	65771775	3072703	4185797	7025048
1398	65795368	3072593	4186764	7026590
1399	65818953	3072483	4185796	7028133
1400	65842532	3074574	4186762	7029675
1401	65866104	3074466	4185796	7015788
1402	65889668	3074357	4186760	7017322
1403	65913225	3074248	4185795	7018855
1404	65936775	3074140	4186758	7020388
1405	65960318	3074031	4185794	7021922
1406	65983854	3073923	4186756	7023454
1407	66007383	3073814	4185793	7024987
1408	66030905	3073706	4186754	7026520
1409	66054419	3073598	4185792	7028052
1410	66077927	3073490	4186752	7029584
1411	66101427	3073382	4185791	7015788
1412	66124920	3073274	4186750	7017312
1413	66148406	3073166	4185791	7018835
1414	66171886	3073058	4186748	7020358
1415	66195358	3072950	4185790	7021881
1416	66218823	3072842	4186746	7023404
1417	66242281	3072734	4185789	7024926
1418	66265731	3072626	4186744	7026449
1419	66289175	3072518	4185788	7027971
1420	66312612	3074566	4186742	7029493
1421	66336042	3074460	4185787	7015787
1422	66359465	3074353	4186740	7017301
1423	66382881	3074247	4185786	7018814
1424	66406290	3074140	4186738	7020327
1425	66429692	3074034	4185785	7021840
1426	66453086	3073928	4186735	7023353
1427	66476474	3073821	4185784	7024866
1428	66499855	3073715	4186733	7026378
1429	66523229	3073609	4185783	7027890
1430	66546596	3073503	4186731	7029402
1431	66569957	3073397	4185782	7015785
1432	66593310	3073291	4186729	7017289
1433	66616656	3073186	4185781	7018792
1434	66639995	3073080	4186727	7020296
1435	66663328	3072974	4185780	7021799
1436	66686653	3072868	4186725	7023302
1437	66709972	3072763	4185779	7024805
1438	66733284	3072657	4186722	7026307
1439	66756588	3072552	4185778	7027810
1440	66779886	3074557	4186720	7029312
1441	66803177	3074453	4185777	7015783
1442	66826462	3074348	4186718	7017276
1443	66849739	3074244	4185776	7018770
1444	66873010	3074139	4186716	7020264
1445	66896273	3074035	4185774	7021757
1446	66919530	3073931	4186714	7023250
1447	66942780	3073827	4185773	7024744
1448	66966023	3073723	4186711	7026237
1449	66989260	3073619	4185772	7027730
1450	67012489	3073515	4186709	7029223
1451	67035712	3073411	4185771	7015779
1452	67058928	3073308	4186707	7017263
1453	67082137	3073204	4185770	7018747
1454	67105340	3073100	4186705	7020231
1455	67128535	3072997	4185769	7021715
1456	67151724	3072893	4186702	7023199
1457	67174906	3072790	4185768	7024683
1458	67198081	3072686	4186700	7026166
1459	67221250	3072583	4185766	7027650
1460	67244412	3074547	4186698	7029133
1461	67267567	3074445	4185765	7015774
1462	67290715	3074342	4186695	7017249
1463	67313857	3074240	4185764	7018724
1464	67336992	3074138	4186693	7020198
1465	67360120	3074036	4185763	7021673
1466	67383242	3073933	4186691	7023147
1467	67406357	3073831	4185761	7024622
1468	67429465	3073729	4186688	7026096
1469	67452566	3073627	4185760	7027571
1470	67475661	3073526	4186686	7029045
1471	67498749	3073424	4185759	7015769
1472	67521831	3073322	4186684	7017234
1473	67544906	3073220	4185758	7018700
1474	67567974	3073119	4186681	7020165
1475	67591035	3073017	4185756	7021631
1476	67614090	3072916	4186679	7023096
1477	67637139	3072814	4185755	7024561
1478	67660180	3072713	4186676	7026026
1479	67683215	3072611	4185754	7027491
1480	67706244	3074537	4186674	7028956
1481	67729266	3074436	4185752	7015763
1482	67752281	3074336	4186672	7017219
1483	67775290	3074235	4185751	7018676
1484	67798292	3074135	4186669	7020132
1485	67821287	3074035	4185749	7021588
1486	67844276	3073934	4186667	7023044
1487	67867259	3073834	4185748	7024501
1488	67890234	3073734	4186664	7025957
1489	67913204	3073634	4185747	7027413
1490	67936166	3073534	4186662	7028869
1491	67959123	3073435	4185745	7015757
1492	67982072	3073335	4186659	7017204
1493	68005015	3073235	4185744	7018651
1494	68027952	3073135	4186657	7020098
1495	68050882	3073036	4185742	7021546
1496	68073806	3072936	4186654	7022993
1497	68096723	3072837	4185741	7024440
1498	68119634	3072737	4186652	7025888
1499	68142538	3072638	4185739	7027335
1500	68165435	3074526	4186649	7028782
1501	68188327	3074427	4185738	7015749
1502	68211211	3074328	4186647	7017188
1503	68234090	3074229	4185736	7018626
1504	68256962	3074131	4186644	7020065
1505	68279827	3074033	4185735	7021503
1506	68302686	3073934	4186641	7022942
1507	68325538	3073836	4185733	7024380
1508	68348384	3073738	4186639	7025819
1509	68371224	3073640	4185732	7027257
1510	68394057	3073542	4186636	7028696
1511	68416884	3073444	4185730	7015742
1512	68439705	3073346	4186633	7017172
1513	68462519	3073248	4185728	7018601
1514	68485326	3073150	4186631	7020031
1515	68508127	3073053	4185727	7021461
1516	68530922	3072955	4186628	7022891
1517	68553711	3072857	4185725	7024321
1518	68576493	3072760	4186625	7025751
1519	68599269	3072662	4185723	7027180
1520	68622038	3074513	4186623	7028610
1521	68644801	3074416	4185722	7015734
1522	68667558	3074320	4186620	7017155
1523	68690308	3074223	4185720	7018576
1524	68713052	3074126	4186617	7019998
1525	68735790	3074029	4185718	7021419
1526	68758522	3073933	4186615	7022840
1527	68781247	3073836	4185717	7024262
1528	68803966	3073740	4186612	7025683
1529	68826678	3073644	4185715	7027104
1530	68849384	3073547	4186609	7028526
1531	68872084	3073451	4185713	7015726
1532	68894778	3073355	4186606	7017139
1533	68917465	3073259	4185711	7018552
1534	68940146	3073163	4186604	7019964
1535	68962821	3073067	4185710	7021377
1536	68985490	3072972	4186601	7022790
1537	69008152	3072876	4185708	7024203
1538	69030808	3072780	4186598	7025616
1539	69053458	3072684	4185706	7027029
1540	69076102	3074501	4186595	7028442
1541	69098739	3074405	4185704	7015718
1542	69121370	3074310	4186592	7017122
1543	69143995	3074215	4185702	7018527
1544	69166614	3074120	4186589	7019931
1545	69189226	3074025	4185700	7021336
1546	69211833	3073930	4186586	7022741
1547	69234433	3073835	4185698	7024145
1548	69257027	3073741	4186583	7025550
1549	69279615	3073646	4185696	7026955
1550	69302196	3073552	4186581	7028359
1551	69324772	3073457	4185695	7015709
1552	69347341	3073363	4186578	7017106
1553	69369904	3073269	4185693	7018502
1554	69392461	3073174	4186575	7019898
1555	69415012	3073080	4185691	7021295
1556	69437556	3072986	4186572	7022691
1557	69460095	3072892	4185689	7024088
1558	69482627	3072798	4186569	7025484
1559	69505154	3072704	4185687	7026881
1560	69527674	3074487	4186566	7028277
1561	69550188	3074393	4185685	7015701
1562	69572696	3074300	4186563	7017089
1563	69595198	3074206	4185683	7018477
1564	69617693	3074113	4186560	7019866
1565	69640183	3074020	4185680	7021254
1566	69662667	3073927	4186557	7022643
1567	69685144	3073833	4185678	7024031
1568	69707615	3073740	4186554	7025420
1569	69730081	3073647	4185676	7026808
1570	69752540	3073555	4186550	7028197
1571	69774993	3073462	4185674	7015693
1572	69797441	3073369	4186547	7017073
1573	69819882	3073277	4185672	7018453
1574	69842317	3073184	4186544	7019834
1575	69864746	3073091	4185670	7021215
1576	69887169	3072999	4186541	7022595
1577	69909586	3072907	4185668	7023976
1578	69931997	3072814	4186538	7025356
1579	69954402	3072722	4185665	7026737
1580	69976801	3074473	4186535	7028118
1581	69999194	3074381	4185663	7015685
1582	70021581	3074289	4186532	7017057
1583	70043962	3074197	4185661	7018430
1584	70066337	3074105	4186528	7019803
1585	70088706	3074013	4185659	7021175
1586	70111069	3073922	4186525	7022548
1587	70133426	3073830	4185656	7023921
1588	70155777	3073739	4186522	7025294
1589	70178122	3073647	4185654	7026667
1590	70200462	3073556	4186519	7028039
1591	70222795	3073465	4185652	7015677
1592	70245122	3073374	4186515	7017042
1593	70267444	3073283	4185649	7018407
1594	70289759	3073192	4186512	7019772
1595	70312069	3073101	4185647	7021137
1596	70334372	3073010	4186509	7022502
1597	70356670	3072919	4185645	7023867
1598	70378962	3072829	4186505	7025233
1599	70401248	3072738	4185642	7026598
1600	70423528	3074458	4186502	7027963
1601	70445802	3074368	4185640	7015669
1602	70468070	3074277	4186499	7017027
1603	70490332	3074187	4185637	7018384
1604	70512589	3074096	4186495	7019742
1605	70534839	3074006	4185635	7021099
1606	70557084	3073916	4186492	7022457
1607	70579323	3073826	4185632	7023815
1608	70601556	3073736	4186488	7025172
1609	70623783	3073646	4185630	7026530
1610	70646005	3073556	4186485	7027888
1611	70668220	3073467	4185627	7015662
1612	70690430	3073377	4186481	7017012
1613	70712634	3073287	4185625	7018363
1614	70734832	3073198	4186478	7019713
1615	70757024	3073108	4185622	7021063
1616	70779210	3073019	4186474	7022413
1617	70801391	3072930	4185620	7023764
1618	70823565	3072841	4186471	7025114
1619	70845734	3072752	4185617	7026464
1620	70867898	3074443	4186467	7027814
1621	70890055	3074354	4185614	7015656
1622	70912207	3074265	4186464	7016999
1623	70934352	3074176	4185612	7018342
1624	70956492	3074087	4186460	7019685
1625	70978627	3073998	4185609	7021028
1626	71000755	3073909	4186456	7022371
1627	71022878	3073821	4185606	7023714
1628	71044995	3073732	4186453	7025056
1629	71067106	3073644	4185603	7026399
1630	71089212	3073555	4186449	7027742
1631	71111312	3073467	4185601	7015650
1632	71133406	3073379	4186445	7016986
1633	71155494	3073290	4185598	7018322
1634	71177577	3073202	4186442	7019658
1635	71199654	3073114	4185595	7020993
1636	71221725	3073026	4186438	7022329
1637	71243790	3072939	4185592	7023665
1638	71265850	3072851	4186434	7025001
1639	71287904	3072763	4185589	7026336
1640	71309953	3074428	4186430	7027672
1641	71331995	3074340	4185586	7015646
1642	71354032	3074252	4186426	7016974
1643	71376064	3074164	4185583	7018303
1644	71398089	3074077	4186423	7019632
1645	71420109	3073989	4185580	7020961
1646	71442124	3073902	4186419	7022289
1647	71464132	3073814	4185577	7023618
1648	71486135	3073727	4186415	7024947
1649	71508133	3073640	4185574	7026275
1650	71530125	3073553	4186411	7027603
1651	71552111	3073466	4185571	7015642
1652	71574091	3073379	4186407	7016964
1653	71596066	3073292	4185568	7018285
1654	71618035	3073205	4186403	7019607
1655	71639999	3073119	4185565	7020929
1656	71661957	3073032	4186399	7022251
1657	71683909	3072946	4185562	7023573
1658	71705856	3072859	4186395	7024894
1659	71727798	3072773	4185559	7026216
1660	71749733	3074412	4186391	7027537
1661	71771663	3074325	4185556	7015639
1662	71793588	3074239	4186387	7016954
1663	71815507	3074152	4185553	7018269
1664	71837420	3074066	4186383	7019584
1665	71859328	3073980	4185549	7020899
1666	71881230	3073894	4186379	7022214
1667	71903126	3073807	4185546	7023529
1668	71925017	3073721	4186374	7024844
1669	71946903	3073635	4185543	7026159
1670	71968783	3073550	4186370	7027473
1671	71990657	3073464	4185540	7015637
1672	72012526	3073378	4186366	7016946
1673	72034390	3073293	4185536	7018254
1674	72056247	3073207	4186362	7019563
1675	72078100	3073122	4185533	7020871
1676	72099947	3073036	4186358	7022180
1677	72121788	3072951	4185529	7023488
1678	72143624	3072866	4186353	7024796
1679	72165454	3072781	4185526	7026104
1680	72187279	3074396	4186349	7027411
1681	72209098	3074311	4185522	7015637
1682	72230912	3074225	4186345	7016939
1683	72252720	3074140	4185519	7018241
1684	72274523	3074055	4186340	7019543
1685	72296320	3073970	4185515	7020845
1686	72318112	3073885	4186336	7022147
1687	72339899	3073800	4185512	7023448
1688	72361680	3073715	4186332	7024750
1689	72383455	3073630	4185508	7026051
1690	72405225	3073545	4186327	7027352
1691	72426990	3073461	4185505	7015638
1692	72448749	3073376	4186323	7016934
1693	72470503	3073292	4185501	7018230
1694	72492251	3073207	4186318	7019525
1695	72513994	3073123	4185497	7020821
1696	72535732	3073039	4186314	7022116
1697	72557464	3072955	4185494	7023411
1698	72579190	3072871	4186309	7024706
1699	72600912	3072787	4185490	7026001
1700	72622627	3074381	4186304	7027295
1701	72644338	3074296	4185486	7015641
1702	72666043	3074212	4186300	7016931
1703	72687742	3074128	4185482	7018220
1704	72709437	3074043	4186295	7019509
1705	72731126	3073959	4185478	7020799
1706	72752809	3073875	4186290	7022088
1707	72774487	3073791	4185474	7023376
1708	72796160	3073708	4186286	7024665
1709	72817827	3073624	4185471	7025953
1710	72839489	3073540	4186281	7027241
1711	72861146	3073457	4185467	7015646
1712	72882797	3073373	4186276	7016929
1713	72904443	3073290	4185463	7018213
1714	72926084	3073207	4186271	7019496
1715	72947719	3073123	4185459	7020779
1716	72969349	3073040	4186267	7022062
1717	72990974	3072957	4185455	7023344
1718	73012593	3072874	4186262	7024626
1719	73034207	3072791	4185450	7025908
1720	73055816	3074365	4186257	7027190
1721	73077419	3074282	4185446	7015652
1722	73099017	3074198	4186252	7016930
1723	73120610	3074115	4185442	7018207
1724	73142198	3074032	4186247	7019484
1725	73163780	3073949	4185438	7020761
1726	73185357	3073866	4186242	7022038
1727	73206928	3073783	4185434	7023314
1728	73228495	3073700	4186237	7024591
1729	73250056	3073617	4185429	7025866
1730	73271612	3073535	4186232	7027141
1731	73293162	3073452	4185425	7015661
1732	73314707	3073369	4186227	7016933
1733	73336247	3073287	4185421	7018204
1734	73357782	3073205	4186222	7019476
1735	73379312	3073122	4185416	7020747
1736	73400836	3073040	4186216	7022017
1737	73422355	3072958	4185412	7023288
1738	73443869	3072876	4186211	7024558
1739	73465377	3072794	4185407	7025827
1740	73486880	3074350	4186206	7027097
1741	73508379	3074267	4185403	7015672
1742	73529871	3074185	4186201	7016938
1743	73551359	3074102	4185398	7018204
1744	73572841	3074020	4186195	7019469
1745	73594319	3073938	4185394	7020735
1746	73615791	3073856	4186190	7022000
1747	73637258	3073774	4185389	7023264
1748	73658719	3073692	4186185	7024528
1749	73680176	3073610	4185384	7025792
1750	73701627	3073528	4186179	7027055
1751	73723073	3073447	4185380	7015685
1752	73744514	3073365	4186174	7016946
1753	73765950	3073283	4185375	7018206
1754	73787380	3073202	4186168	7019466
1755	73808806	3073120	4185370	7020726
1756	73830226	3073039	4186163	7021985
1757	73851641	3072958	4185365	7023244
1758	73873051	3072877	4186157	7024503
1759	73894456	3072796	4185360	7025760
1760	73915855	3074335	4186151	7027018
1761	73937250	3074253	4185355	7015701
1762	73958639	3074172	4186146	7016956
1763	73980024	3074090	4185351	7018211
1764	74001403	3074009	4186140	7019466
1765	74022777	3073927	4185345	7020720
1766	74044146	3073846	4186134	7021974
1767	74065509	3073765	4185340	7023228
1768	74086868	3073684	4186129	7024480
1769	74108222	3073603	4185335	7025733
1770	74129570	3073522	4186123	7026984
1771	74150913	3073441	4185330	7015719
1772	74172252	3073360	4186117	7016970
1773	74193585	3073279	4185325	7018220
1774	74214913	3073198	4186111	7019469
1775	74236236	3073118	4185320	7020718
1776	74257554	3073037	4186105	7021967
1777	74278867	3072957	4185314	7023215
1778	74300174	3072876	4186099	7024462
1779	74321477	3072796	4185309	7025709
1780	74342775	3074321	4186093	7026955
1781	74364067	3074240	4185304	7015741
1782	74385355	3074159	4186087	7016986
1783	74406637	3074078	4185298	7018231
1784	74427915	3073998	4186081	7019476
1785	74449187	3073917	4185293	7020720
1786	74470455	3073837	4186075	7021963
1787	74491717	3073756	4185287	7023206
1788	74512974	3073676	4186069	7024448
1789	74534226	3073595	4185282	7025689
1790	74555474	3073515	4186063	7026930
1791	74576716	3073435	4185276	7015766
1792	74597953	3073354	4186056	7017007
1793	74619185	3073274	4185270	7018247
1794	74640413	3073194	4186050	7019487
1795	74661635	3073114	4185265	7020726
1796	74682852	3073034	4186044	7021964
1797	74704064	3072954	4185259	7023202
1798	74725271	3072875	4186038	7024439
1799	74746474	3072795	4185253	7025675
1800	74767671	3074308	4186031	7026910
1801	74788863	3074228	4185247	7015795
1802	74810051	3074147	4186025	7017031
1803	74831233	3074067	4185241	7018266
1804	74852410	3073987	4186018	7019501
1805	74873583	3073907	4185235	7020736
1806	74894750	3073827	4186012	7021969
1807	74915913	3073747	4185229	7023202
1808	74937070	3073667	4186005	7024434
1809	74958223	3073588	4185223	7025665
1810	74979370	3073508	4185999	7026895
1811	75000513	3073428	4185217	7015827
1812	75021651	3073348	4185992	7017059
1813	75042784	3073269	4185211	7018290
1814	75063912	3073189	4185985	7019521
1815	75085035	3073110	4185205	7020751
1816	75106153	3073030	4185978	7021979
1817	75127266	3072951	4185198	7023208
1818	75148374	3072872	4185972	7024435
1819	75169478	3072793	4185192	7025661
1820	75190576	3074296	4185965	7026886
1821	75211670	3074216	4185186	7015864
1822	75232758	3074136	4185958	7017092
1823	75253842	3074057	4185179	7018319
1824	75274921	3073977	4185951	7019545
1825	75295995	3073898	4185173	7020771
1826	75317064	3073818	4185944	7021995
1827	75338128	3073739	4185166	7023219
1828	75359187	3073659	4185937	7024441
1829	75380242	3073580	4185160	7025662
1830	75401291	3073501	4185930	7026882
1831	75422336	3073422	4185153	7015906
1832	75443376	3073342	4185923	7017130
1833	75464411	3073263	4185146	7018353
1834	75485441	3073184	4185916	7019575
1835	75506467	3073105	4185139	7020796
1836	75527487	3073026	4185909	7022017
1837	75548503	3072947	4185132	7023236
1838	75569513	3072868	4185901	7024454
1839	75590519	3072789	4185126	7025670
1840	75611521	3074285	4185894	7026886
1841	75632517	3074206	4185119	7015953
1842	75653508	3074127	4185887	7017173
1843	75674495	3074048	4185112	7018393
1844	75695477	3073968	4185879	7019611
1845	75716454	3073889	4185104	7020829
1846	75737426	3073810	4185872	7022045
1847	75758394	3073731	4185097	7023260
1848	75779356	3073652	4185865	7024473
1849	75800314	3073573	4185090	7025686
1850	75821267	3073494	4185857	7026896
1851	75842215	3073415	4185083	7016006
1852	75863159	3073336	4185849	7017224
1853	75884098	3073257	4185075	7018440
1854	75905031	3073178	4185842	7019654
1855	75925961	3073099	4185068	7020868
1856	75946885	3073021	4185834	7022080
1857	75967805	3072942	4185060	7023291
1858	75988719	3072863	4185826	7024501
1859	76009630	3072785	4185053	7025709
1860	76030535	3074277	4185819	7026915
1861	76051435	3074198	4185045	7016067
1862	76072331	3074119	4185811	7017281
1863	76093222	3074040	4185037	7018494
1864	76114109	3073961	4185803	7019706
1865	76134990	3073882	4185030	7020916
1866	76155867	3073803	4185795	7022124
1867	76176739	3073724	4185022	7023332
1868	76197607	3073645	4185787	7024537
1869	76218469	3073566	4185014	7025741
1870	76239327	3073487	4185779	7026942
1871	76260180	3073409	4185006	7016137
1872	76281029	3073330	4185771	7017348
1873	76301873	3073251	4184998	7018558
1874	76322712	3073172	4185763	7019766
1875	76343546	3073093	4184989	7020973
1876	76364376	3073015	4185755	7022179
1877	76385201	3072936	4184981	7023382
1878	76406021	3072857	4185747	7024584
1879	76426837	3072779	4184973	7025783
1880	76447648	3074271	4185738	7026981
1881	76468454	3074192	4184964	7016216
1882	76489256	3074113	4185730	7017425
1883	76510053	3074034	4184956	7018633
1884	76530845	3073955	4185722	7019839
1885	76551632	3073876	4184947	7021043
1886	76572415	3073798	4185713	7022245
1887	76593193	3073719	4184938	7023445
1888	76613967	3073640	4185705	7024642
1889	76634736	3073561	4184930	7025838
1890	76655500	3073482	4185696	7027031
1891	76676260	3073403	4184921	7016309
1892	76697015	3073324	4185687	7017516
1893	76717765	3073245	4184912	7018721
1894	76738511	3073166	4185679	7019925
1895	76759252	3073087	4184903	7021126
1896	76779988	3073008	4185670	7022325
1897	76800720	3072929	4184893	7023522
1898	76821447	3072850	4185661	7024716
1899	76842170	3072772	4184884	7025907
1900	76862888	3074268	4185652	7027096
1901	76883601	3074190	4184874	7016417
1902	76904310	3074111	4185643	7017623
1903	76925014	3074032	4184865	7018826
1904	76945714	3073953	4185634	7020028
1905	76966408	3073874	4184855	7021227
1906	76987099	3073794	4185625	7022423
1907	77007785	3073715	4184845	7023616
1908	77028466	3073636	4185615	7024807
1909	77049142	3073557	4184835	7025994
1910	77069814	3073478	4185606	7027179
1911	77090482	3073398	4184825	7016544
1912	77111144	3073319	4185596	7017749
1913	77131803	3073239	4184815	7018952
1914	77152456	3073160	4185587	7020152
1915	77173105	3073081	4184804	7021349
1916	77193750	3073001	4185577	7022543
1917	77214390	3072922	4184794	7023734
1918	77235025	3072842	4185567	7024921
1919	77255656	3072763	4184783	7026104
1920	77276283	3074271	4185557	7027284
1921	77296904	3074192	4184772	7016696
1922	77317522	3074113	4185547	7017902
1923	77338134	3074033	4184761	7019104
1924	77358742	3073954	4185537	7020303
1925	77379346	3073875	4184749	7021499
1926	77399945	3073795	4185527	7022691
1927	77420540	3073715	4184737	7023879
1928	77441130	3073635	4185516	7025063
1929	77461715	3073556	4184726	7026242
1930	77482296	3073476	4185505	7027417
1931	77502873	3073396	4184714	7016879
1932	77523445	3073315	4185495	7018086
1933	77544012	3073235	4184701	7019289
1934	77564575	3073155	4185484	7020489
1935	77585134	3073075	4184688	7021684
1936	77605688	3072994	4185472	7022874
1937	77626237	3072914	4184676	7024060
1938	77646782	3072834	4185461	7025241
1939	77667323	3072753	4184662	7026416
1940	77687859	3074281	4185449	7027586
1941	77708390	3074201	4184649	7017100
1942	77728917	3074122	4185437	7018311
1943	77749440	3074042	4184635	7019516
1944	77769958	3073961	4185425	7020717
1945	77790472	3073881	4184620	7021913
1946	77810981	3073801	4185413	7023103
1947	77831486	3073720	4184606	7024287
1948	77851986	3073639	4185400	7025466
1949	77872482	3073558	4184591	7026638
1950	77892973	3073477	4185387	7027803
1951	77913460	3073396	4184575	7017370
1952	77933942	3073314	4185374	7018585
1953	77954420	3073233	4184559	7019795
1954	77974894	3073151	4185360	7020999
1955	77995363	3073070	4184542	7022197
1956	78015828	3072988	4185346	7023388
1957	78036288	3072906	4184525	7024572
1958	78056744	3072824	4185332	7025748
1959	78077195	3072742	4184508	7026917
1960	78097642	3074302	4185317	7028078
1961	78118085	3074221	4184489	7017698
1962	78138523	3074140	4185301	7018920
1963	78158957	3074059	4184470	7020137
1964	78179386	3073978	4185285	7021346
1965	78199811	3073897	4184450	7022547
1966	78220232	3073815	4185268	7023740
1967	78240648	3073733	4184430	7024925
1968	78261060	3073650	4185251	7026101
1969	78281467	3073568	4184408	7027267
1970	78301870	3073485	4185233	7028424
1971	78322269	3073402	4184386	7018094
1972	78342663	3073319	4185215	7019327
1973	78363053	3073235	4184362	7020552
1974	78383438	3073152	4185195	7021767
1975	78403819	3073068	4184338	7022974
1976	78424196	3072984	4185175	7024171
1977	78444568	3072900	4184312	7025357
1978	78464936	3072816	4185154	7026533
1979	78485300	3072732	4184285	7027697
1980	78505659	3074332	4185131	7028850
1981	78526014	3074250	4184256	7018574
1982	78546364	3074166	4185108	7019818
1983	78566711	3074083	4184226	7021053
1984	78587052	3073998	4185083	7022277
1985	78607390	3073913	4184194	7023489
1986	78627723	3073828	4185056	7024689
1987	78648052	3073742	4184160	7025877
1988	78668376	3073656	4185028	7027052
1989	78688697	3073569	4184124	7028213
1990	78709012	3073481	4184999	7029360
1991	78729324	3073393	4184086	7019165
1992	78749631	3073305	4184967	7020427
1993	78769934	3073216	4184045	7021679
1994	78790232	3073127	4184933	7022918
1995	78810527	3073037	4184001	7024146
1996	78830817	3072947	4184896	7025361
1997	78851102	3072856	4183954	7026563
1998	78871383	3072765	4184856	7027752
1999	78891660	3072674	4183903	7028928
2000	78911933	3074414	4184814	7030090
2001	78932202	3074328	4183849	7019759
2002	78952466	3074241	4184768	7021038
2003	78972726	3074152	4183792	7022310
2004	78992981	3074063	4184719	7023579
2005	79013232	3073972	4183733	7024848
2006	79033479	3073879	4184669	7026119
2007	79053722	3073785	4183676	7027399
2008	79073960	3073689	4184621	7028694
2009	79094195	3073592	4183633	7030009
2010	79114424	3073493	4184598	7031354
2011	79134650	3073393	4183657	7018895
2012	79154871	3073290	4184716	7019827
2013	79175089	3073186	4183974	7020699
