# panacus histgrowth ecoli2146.pan.explode.0.og.crush.gfa -c bp -q 0,1,0.5,0.1 -t 28
panacus	growth	growth	growth	growth
count	bp	bp	bp	bp
coverage	1	1	1	1
quorum	0	1	0.5	0.1
0	NaN	NaN	NaN	NaN
1	4536799	4536799	4536799	4536799
2	5673313	3400286	5673313	5673313
3	6364858	2955318	4290221	6364858
4	6908816	2657938	4732985	6908816
5	7368877	2424250	4229606	7368877
6	7772136	2227159	4500548	7772136
7	8133869	2054847	4195018	8133869
8	8463729	1901122	4391859	8463729
9	8768238	1762282	4172714	8768238
10	9052023	1635885	4328528	9052023
11	9318498	1520186	4157232	6387273
12	9570261	1413866	4286796	6549099
13	9809344	1315879	4145817	6701272
14	10037366	1225369	4257022	6845053
15	10255646	1141618	4136995	6981443
16	10465272	1064011	4234581	7111255
17	10667154	992011	4129934	7235164
18	10862061	925150	4216987	7353735
19	11050650	863010	4124135	7467455
20	11233488	805217	4202780	7576742
21	11411064	751436	4119278	6577134
22	11583808	701363	4191046	6667158
23	11752096	654721	4115150	6754157
24	11916261	611260	4181180	6838323
25	12076598	570748	4111601	6919828
26	12233370	532974	4172766	6998826
27	12386814	497745	4108521	7075459
28	12537141	464881	4165504	7149860
29	12684543	434217	4105828	7222149
30	12829192	405602	4159176	7292440
31	12971247	378893	4103458	6654056
32	13110849	353961	4153615	6716990
33	13248130	330685	4101362	6778396
34	13383211	308951	4148693	6838332
35	13516200	288656	4099500	6896854
36	13647199	269702	4144311	6954015
37	13776302	252000	4097840	7009867
38	13903596	235466	4140388	7064460
39	14029160	220021	4096356	7117844
40	14153069	205593	4136861	7170064
41	14275393	192114	4095027	6697361
42	14396195	179522	4133676	6745887
43	14515537	167756	4093833	6793461
44	14633474	156764	4130790	6840109
45	14750059	146493	4092759	6885856
46	14865343	136895	4128167	6930728
47	14979372	127928	4091792	6974750
48	15092190	119548	4125775	7017948
49	15203837	111717	4090921	7060346
50	15314354	104399	4123590	7101969
51	15423777	97560	4090136	6725940
52	15532142	91170	4121589	6765464
53	15639480	85197	4089428	6804323
54	15745824	79616	4119752	6842533
55	15851203	74400	4088791	6880106
56	15955646	69525	4118064	6917057
57	16059179	64969	4088217	6953402
58	16161829	60712	4116510	6989156
59	16263619	56733	4087700	7024332
60	16364573	53014	4115077	7058947
61	16464714	49539	4087236	6746647
62	16564062	46291	4113753	6779993
63	16662638	43256	4086820	6812841
64	16760461	40419	4112530	6845201
65	16857551	37768	4086448	6877080
66	16953924	35290	4111399	6908488
67	17049598	32974	4086116	6939436
68	17144590	30810	4110352	6969934
69	17238915	28788	4085821	6999990
70	17332588	26898	4109381	7029617
71	17425624	25132	4085560	6762584
72	17518038	23481	4108481	6791419
73	17609842	21939	4085330	6819863
74	17701050	20498	4107646	6847921
75	17791675	19151	4085128	6875601
76	17881727	17892	4106871	6902909
77	17971220	16716	4084954	6929852
78	18060164	15617	4106151	6956436
79	18148570	14590	4084803	6982671
80	18236450	13630	4105483	7008562
81	18323812	12733	4084676	6775363
82	18410666	11895	4104862	6800756
83	18497024	11112	4084569	6825831
84	18582892	10380	4104285	6850592
85	18668282	9697	4084482	6875045
86	18753200	9058	4103749	6899194
87	18837656	8461	4084412	6923045
88	18921658	7904	4103251	6946604
89	19005213	7383	4084359	6969875
90	19088329	6896	4102788	6992865
91	19171014	6441	4084322	6785912
92	19253275	6017	4102358	6808591
93	19335118	5620	4084299	6831004
94	19416551	5249	4101959	6853156
95	19497581	4903	4084289	6875051
96	19578213	4579	4101589	6896693
97	19658454	4277	4084291	6918086
98	19738310	3994	4101245	6939233
99	19817786	3731	4084305	6960141
100	19896890	3484	4100927	6980812
101	19975626	3254	4084329	6794809
102	20054000	3039	4100632	6815291
103	20132016	2838	4084363	6835549
104	20209681	2651	4100359	6855585
105	20287000	2475	4084406	6875403
106	20363976	2312	4100106	6895005
107	20440616	2159	4084458	6914396
108	20516924	2016	4099873	6933578
109	20592904	1883	4084517	6952556
110	20668560	1758	4099657	6971332
111	20743898	1642	4084584	6802434
112	20818922	1533	4099459	6821103
113	20893635	1432	4084657	6839579
114	20968042	1337	4099277	6857865
115	21042147	1249	4084737	6875962
116	21115953	1166	4099109	6893874
117	21189464	1089	4084822	6911604
118	21262685	1017	4098955	6929154
119	21335618	950	4084912	6946527
120	21408268	887	4098815	6963726
121	21480638	828	4085008	6809052
122	21552730	773	4098687	6826199
123	21624550	722	4085108	6843179
124	21696099	675	4098571	6859992
125	21767381	630	4085212	6876642
126	21838399	588	4098465	6893130
127	21909156	549	4085321	6909460
128	21979656	513	4098370	6925632
129	22049901	479	4085432	6941650
130	22119894	448	4098285	6957517
131	22189637	418	4085547	6814855
132	22259135	391	4098209	6830707
133	22328389	365	4085665	6846411
134	22397401	341	4098141	6861970
135	22466176	318	4085786	6877385
136	22534715	297	4098082	6892658
137	22603020	278	4085909	6907791
138	22671095	260	4098030	6922787
139	22738942	243	4086035	6937646
140	22806562	227	4097985	6952371
141	22873960	212	4086163	6819985
142	22941135	198	4097947	6834721
143	23008092	185	4086292	6849327
144	23074832	173	4097916	6863804
145	23141358	162	4086423	6878154
146	23207671	151	4097890	6892378
147	23273773	141	4086556	6906478
148	23339668	132	4097871	6920455
149	23405356	124	4086690	6934312
150	23470840	116	4097856	6948051
151	23536121	108	4086826	6824551
152	23601203	101	4097847	6838317
153	23666086	95	4086962	6851967
154	23730772	89	4097842	6865502
155	23795264	83	4087100	6878923
156	23859562	78	4097842	6892233
157	23923670	73	4087238	6905432
158	23987589	68	4097846	6918521
159	24051319	64	4087377	6931503
160	24114864	60	4097854	6944379
161	24178225	56	4087517	6828641
162	24241403	52	4097866	6841555
163	24304400	49	4087657	6854366
164	24367218	46	4097881	6867073
165	24429858	43	4087797	6879678
166	24492321	41	4097899	6892184
167	24554610	38	4087938	6904590
168	24616726	36	4097921	6916897
169	24678671	34	4088080	6929109
170	24740444	32	4097946	6941225
171	24802050	30	4088221	6832322
172	24863487	28	4097973	6844483
173	24924759	26	4088362	6856551
174	24985866	25	4098003	6868526
175	25046810	23	4088504	6880409
176	25107592	22	4098036	6892201
177	25168214	21	4088645	6903905
178	25228676	19	4098070	6915519
179	25288980	18	4088786	6927047
180	25349128	17	4098107	6938488
181	25409120	16	4088927	6835651
182	25468958	15	4098146	6847141
183	25528643	15	4089068	6858547
184	25588176	14	4098187	6869869
185	25647559	13	4089209	6881108
186	25706792	12	4098230	6892265
187	25765877	12	4089349	6903341
188	25824814	11	4098274	6914338
189	25883606	10	4089489	6925255
190	25942253	10	4098320	6936093
191	26000756	9	4089629	6838672
192	26059116	9	4098367	6849562
193	26117334	9	4089768	6860375
194	26175412	8	4098416	6871112
195	26233351	8	4089906	6881773
196	26291151	7	4098466	6892360
197	26348813	7	4090045	6902873
198	26406339	7	4098517	6913314
199	26463729	6	4090182	6923683
200	26520985	6	4098570	6933980
201	26578107	6	4090319	6841425
202	26635097	6	4098623	6851774
203	26691955	5	4090456	6862052
204	26748682	5	4098677	6872262
205	26805279	5	4090592	6882402
206	26861748	5	4098733	6892475
207	26918089	5	4090727	6902480
208	26974302	4	4098789	6912419
209	27030389	4	4090861	6922293
210	27086351	4	4098846	6932101
211	27142188	4	4090995	6843942
212	27197902	4	4098903	6853800
213	27253493	4	4091128	6863595
214	27308962	4	4098961	6873326
215	27364310	3	4091261	6882995
216	27419537	3	4099020	6892601
217	27474645	3	4091393	6902146
218	27529634	3	4099080	6911630
219	27584505	3	4091524	6921054
220	27639259	3	4099139	6930418
221	27693897	3	4091654	6846249
222	27748419	3	NaN	NaN
223	27802826	3	NaN	NaN
224	27857119	3	NaN	NaN
225	27911298	2	NaN	NaN
226	27965365	2	NaN	NaN
227	28019320	2	NaN	NaN
228	28073163	2	NaN	NaN
229	28126896	2	NaN	NaN
230	28180519	2	NaN	NaN
231	28234033	2	NaN	NaN
232	28287439	2	NaN	NaN
233	28340736	2	NaN	NaN
234	28393927	2	NaN	NaN
235	28447011	2	NaN	NaN
236	28499989	2	NaN	NaN
237	28552862	2	NaN	NaN
238	28605630	2	NaN	NaN
239	28658295	2	NaN	NaN
240	28710856	2	NaN	NaN
241	28763314	2	NaN	NaN
242	28815671	2	NaN	NaN
243	28867926	2	NaN	NaN
244	28920080	2	NaN	NaN
245	28972134	2	NaN	NaN
246	29024089	2	NaN	NaN
247	29075944	1	NaN	NaN
248	29127701	1	NaN	NaN
249	29179360	1	NaN	NaN
250	29230922	1	NaN	NaN
251	29282387	1	NaN	NaN
252	29333755	1	NaN	NaN
253	29385029	1	NaN	NaN
254	29436207	1	NaN	NaN
255	29487290	1	NaN	NaN
256	29538279	1	NaN	NaN
257	29589175	1	NaN	NaN
258	29639978	1	NaN	NaN
259	29690689	1	NaN	NaN
260	29741308	1	NaN	NaN
261	29791835	1	NaN	NaN
262	29842271	1	NaN	NaN
263	29892617	1	NaN	NaN
264	29942873	1	NaN	NaN
265	29993040	1	NaN	NaN
266	30043118	1	NaN	NaN
267	30093107	1	NaN	NaN
268	30143009	1	NaN	NaN
269	30192823	1	NaN	NaN
270	30242550	1	NaN	NaN
271	30292190	1	NaN	NaN
272	30341745	1	NaN	NaN
273	30391214	1	NaN	NaN
274	30440597	1	NaN	NaN
275	30489896	1	NaN	NaN
276	30539111	1	NaN	NaN
277	30588242	1	NaN	NaN
278	30637290	1	NaN	NaN
279	30686255	1	NaN	NaN
280	30735137	1	NaN	NaN
281	30783937	1	NaN	NaN
282	30832656	1	NaN	NaN
283	30881293	1	NaN	NaN
284	30929850	1	NaN	NaN
285	30978326	1	NaN	NaN
286	31026723	1	NaN	NaN
287	31075040	1	NaN	NaN
288	31123277	1	NaN	NaN
289	31171436	1	NaN	NaN
290	31219517	1	NaN	NaN
291	31267519	1	NaN	NaN
292	31315445	1	NaN	NaN
293	31363293	1	NaN	NaN
294	31411064	1	NaN	NaN
295	31458758	1	NaN	NaN
296	31506377	1	NaN	NaN
297	31553920	1	NaN	NaN
298	31601388	1	NaN	NaN
299	31648781	1	NaN	NaN
300	31696099	1	NaN	NaN
301	31743344	0	NaN	NaN
302	31790514	0	NaN	NaN
303	31837611	0	NaN	NaN
304	31884635	0	NaN	NaN
305	31931586	0	NaN	NaN
306	31978465	0	NaN	NaN
307	32025271	0	NaN	NaN
308	32072006	0	NaN	NaN
309	32118670	0	NaN	NaN
310	32165263	0	NaN	NaN
311	32211784	0	NaN	NaN
312	32258236	0	NaN	NaN
313	32304618	0	NaN	NaN
314	32350929	0	NaN	NaN
315	32397172	0	NaN	NaN
316	32443345	0	NaN	NaN
317	32489450	0	NaN	NaN
318	32535486	0	NaN	NaN
319	32581454	0	NaN	NaN
320	32627355	0	NaN	NaN
321	32673188	0	NaN	NaN
322	32718954	0	NaN	NaN
323	32764653	0	NaN	NaN
324	32810285	0	NaN	NaN
325	32855851	0	NaN	NaN
326	32901351	0	NaN	NaN
327	32946786	0	NaN	NaN
328	32992155	0	NaN	NaN
329	33037459	0	NaN	NaN
330	33082699	0	NaN	NaN
331	33127874	0	NaN	NaN
332	33172984	0	NaN	NaN
333	33218031	0	NaN	NaN
334	33263015	0	NaN	NaN
335	33307934	0	NaN	NaN
336	33352791	0	NaN	NaN
337	33397585	0	NaN	NaN
338	33442317	0	NaN	NaN
339	33486986	0	NaN	NaN
340	33531594	0	NaN	NaN
341	33576139	0	NaN	NaN
342	33620623	0	NaN	NaN
343	33665046	0	NaN	NaN
344	33709409	0	NaN	NaN
345	33753710	0	NaN	NaN
346	33797951	0	NaN	NaN
347	33842132	0	NaN	NaN
348	33886253	0	NaN	NaN
349	33930315	0	NaN	NaN
350	33974317	0	NaN	NaN
351	34018260	0	NaN	NaN
352	34062144	0	NaN	NaN
353	34105970	0	NaN	NaN
354	34149737	0	NaN	NaN
355	34193446	0	NaN	NaN
356	34237097	0	NaN	NaN
357	34280691	0	NaN	NaN
358	34324227	0	NaN	NaN
359	34367706	0	NaN	NaN
360	34411128	0	NaN	NaN
361	34454494	0	NaN	NaN
362	34497802	0	NaN	NaN
363	34541055	0	NaN	NaN
364	34584252	0	NaN	NaN
365	34627393	0	NaN	NaN
366	34670478	0	NaN	NaN
367	34713508	0	NaN	NaN
368	34756483	0	NaN	NaN
369	34799403	0	NaN	NaN
370	34842269	0	NaN	NaN
371	34885080	0	NaN	NaN
372	34927836	0	NaN	NaN
373	34970539	0	NaN	NaN
374	35013188	0	NaN	NaN
375	35055783	0	NaN	NaN
376	35098325	0	NaN	NaN
377	35140814	0	NaN	NaN
378	35183250	0	NaN	NaN
379	35225633	0	NaN	NaN
380	35267964	0	NaN	NaN
381	35310242	0	NaN	NaN
382	35352469	0	NaN	NaN
383	35394643	0	NaN	NaN
384	35436766	0	NaN	NaN
385	35478837	0	NaN	NaN
386	35520856	0	NaN	NaN
387	35562825	0	NaN	NaN
388	35604743	0	NaN	NaN
389	35646610	0	NaN	NaN
390	35688426	0	NaN	NaN
391	35730192	0	NaN	NaN
392	35771908	0	NaN	NaN
393	35813575	0	NaN	NaN
394	35855191	0	NaN	NaN
395	35896757	0	NaN	NaN
396	35938275	0	NaN	NaN
397	35979743	0	NaN	NaN
398	36021162	0	NaN	NaN
399	36062532	0	NaN	NaN
400	36103854	0	NaN	NaN
401	36145127	0	NaN	NaN
402	36186352	0	NaN	NaN
403	36227528	0	NaN	NaN
404	36268657	0	NaN	NaN
405	36309738	0	NaN	NaN
406	36350771	0	NaN	NaN
407	36391757	0	NaN	NaN
408	36432696	0	NaN	NaN
409	36473588	0	NaN	NaN
410	36514433	0	NaN	NaN
411	36555231	0	NaN	NaN
412	36595982	0	NaN	NaN
413	36636687	0	NaN	NaN
414	36677346	0	NaN	NaN
415	36717959	0	NaN	NaN
416	36758526	0	NaN	NaN
417	36799047	0	NaN	NaN
418	36839523	0	NaN	NaN
419	36879953	0	NaN	NaN
420	36920338	0	NaN	NaN
421	36960678	0	NaN	NaN
422	37000973	0	NaN	NaN
423	37041224	0	NaN	NaN
424	37081430	0	NaN	NaN
425	37121591	0	NaN	NaN
426	37161708	0	NaN	NaN
427	37201781	0	NaN	NaN
428	37241810	0	NaN	NaN
429	37281795	0	NaN	NaN
430	37321736	0	NaN	NaN
431	37361634	0	NaN	NaN
432	37401489	0	NaN	NaN
433	37441300	0	NaN	NaN
434	37481069	0	NaN	NaN
435	37520794	0	NaN	NaN
436	37560477	0	NaN	NaN
437	37600117	0	NaN	NaN
438	37639714	0	NaN	NaN
439	37679270	0	NaN	NaN
440	37718783	0	NaN	NaN
441	37758254	0	NaN	NaN
442	37797683	0	NaN	NaN
443	37837070	0	NaN	NaN
444	37876416	0	NaN	NaN
445	37915720	0	NaN	NaN
446	37954983	0	NaN	NaN
447	37994205	0	NaN	NaN
448	38033386	0	NaN	NaN
449	38072525	0	NaN	NaN
450	38111624	0	NaN	NaN
451	38150683	0	NaN	NaN
452	38189701	0	NaN	NaN
453	38228678	0	NaN	NaN
454	38267615	0	NaN	NaN
455	38306512	0	NaN	NaN
456	38345370	0	NaN	NaN
457	38384187	0	NaN	NaN
458	38422965	0	NaN	NaN
459	38461703	0	NaN	NaN
460	38500401	0	NaN	NaN
461	38539060	0	NaN	NaN
462	38577680	0	NaN	NaN
463	38616261	0	NaN	NaN
464	38654803	0	NaN	NaN
465	38693307	0	NaN	NaN
466	38731771	0	NaN	NaN
467	38770197	0	NaN	NaN
468	38808584	0	NaN	NaN
469	38846934	0	NaN	NaN
470	38885245	0	NaN	NaN
471	38923518	0	NaN	NaN
472	38961753	0	NaN	NaN
473	38999950	0	NaN	NaN
474	39038109	0	NaN	NaN
475	39076231	0	NaN	NaN
476	39114315	0	NaN	NaN
477	39152362	0	NaN	NaN
478	39190372	0	NaN	NaN
479	39228345	0	NaN	NaN
480	39266280	0	NaN	NaN
481	39304179	0	NaN	NaN
482	39342041	0	NaN	NaN
483	39379866	0	NaN	NaN
484	39417655	0	NaN	NaN
485	39455407	0	NaN	NaN
486	39493123	0	NaN	NaN
487	39530803	0	NaN	NaN
488	39568447	0	NaN	NaN
489	39606055	0	NaN	NaN
490	39643627	0	NaN	NaN
491	39681163	0	NaN	NaN
492	39718663	0	NaN	NaN
493	39756128	0	NaN	NaN
494	39793558	0	NaN	NaN
495	39830952	0	NaN	NaN
496	39868311	0	NaN	NaN
497	39905635	0	NaN	NaN
498	39942923	0	NaN	NaN
499	39980177	0	NaN	NaN
500	40017397	0	NaN	NaN
501	40054581	0	NaN	NaN
502	40091731	0	NaN	NaN
503	40128846	0	NaN	NaN
504	40165927	0	NaN	NaN
505	40202974	0	NaN	NaN
506	40239987	0	NaN	NaN
507	40276965	0	NaN	NaN
508	40313910	0	NaN	NaN
509	40350821	0	NaN	NaN
510	40387698	0	NaN	NaN
511	40424541	0	NaN	NaN
512	40461351	0	NaN	NaN
513	40498127	0	NaN	NaN
514	40534870	0	NaN	NaN
515	40571579	0	NaN	NaN
516	40608256	0	NaN	NaN
517	40644899	0	NaN	NaN
518	40681509	0	NaN	NaN
519	40718087	0	NaN	NaN
520	40754632	0	NaN	NaN
521	40791144	0	NaN	NaN
522	40827623	0	NaN	NaN
523	40864070	0	NaN	NaN
524	40900485	0	NaN	NaN
525	40936867	0	NaN	NaN
526	40973217	0	NaN	NaN
527	41009535	0	NaN	NaN
528	41045820	0	NaN	NaN
529	41082074	0	NaN	NaN
530	41118296	0	NaN	NaN
531	41154487	0	NaN	NaN
532	41190645	0	NaN	NaN
533	41226772	0	NaN	NaN
534	41262868	0	NaN	NaN
535	41298932	0	NaN	NaN
536	41334964	0	NaN	NaN
537	41370966	0	NaN	NaN
538	41406936	0	NaN	NaN
539	41442876	0	NaN	NaN
540	41478784	0	NaN	NaN
541	41514662	0	NaN	NaN
542	41550508	0	NaN	NaN
543	41586325	0	NaN	NaN
544	41622110	0	NaN	NaN
545	41657865	0	NaN	NaN
546	41693589	0	NaN	NaN
547	41729283	0	NaN	NaN
548	41764947	0	NaN	NaN
549	41800581	0	NaN	NaN
550	41836184	0	NaN	NaN
551	41871758	0	NaN	NaN
552	41907301	0	NaN	NaN
553	41942815	0	NaN	NaN
554	41978299	0	NaN	NaN
555	42013753	0	NaN	NaN
556	42049177	0	NaN	NaN
557	42084572	0	NaN	NaN
558	42119938	0	NaN	NaN
559	42155274	0	NaN	NaN
560	42190581	0	NaN	NaN
561	42225858	0	NaN	NaN
562	42261107	0	NaN	NaN
563	42296326	0	NaN	NaN
564	42331517	0	NaN	NaN
565	42366678	0	NaN	NaN
566	42401811	0	NaN	NaN
567	42436915	0	NaN	NaN
568	42471990	0	NaN	NaN
569	42507037	0	NaN	NaN
570	42542055	0	NaN	NaN
571	42577045	0	NaN	NaN
572	42612006	0	NaN	NaN
573	42646939	0	NaN	NaN
574	42681844	0	NaN	NaN
575	42716720	0	NaN	NaN
576	42751569	0	NaN	NaN
577	42786390	0	NaN	NaN
578	42821182	0	NaN	NaN
579	42855947	0	NaN	NaN
580	42890684	0	NaN	NaN
581	42925393	0	NaN	NaN
582	42960075	0	NaN	NaN
583	42994729	0	NaN	NaN
584	43029356	0	NaN	NaN
585	43063955	0	NaN	NaN
586	43098527	0	NaN	NaN
587	43133072	0	NaN	NaN
588	43167589	0	NaN	NaN
589	43202079	0	NaN	NaN
590	43236543	0	NaN	NaN
591	43270979	0	NaN	NaN
592	43305388	0	NaN	NaN
593	43339771	0	NaN	NaN
594	43374126	0	NaN	NaN
595	43408455	0	NaN	NaN
596	43442758	0	NaN	NaN
597	43477033	0	NaN	NaN
598	43511282	0	NaN	NaN
599	43545505	0	NaN	NaN
600	43579702	0	NaN	NaN
601	43613872	0	NaN	NaN
602	43648015	0	NaN	NaN
603	43682133	0	NaN	NaN
604	43716225	0	NaN	NaN
605	43750290	0	NaN	NaN
606	43784329	0	NaN	NaN
607	43818343	0	NaN	NaN
608	43852331	0	NaN	NaN
609	43886293	0	NaN	NaN
610	43920229	0	NaN	NaN
611	43954139	0	NaN	NaN
612	43988024	0	NaN	NaN
613	44021884	0	NaN	NaN
614	44055718	0	NaN	NaN
615	44089526	0	NaN	NaN
616	44123309	0	NaN	NaN
617	44157067	0	NaN	NaN
618	44190800	0	NaN	NaN
619	44224508	0	NaN	NaN
620	44258190	0	NaN	NaN
621	44291848	0	NaN	NaN
622	44325480	0	NaN	NaN
623	44359088	0	NaN	NaN
624	44392670	0	NaN	NaN
625	44426228	0	NaN	NaN
626	44459761	0	NaN	NaN
627	44493270	0	NaN	NaN
628	44526754	0	NaN	NaN
629	44560213	0	NaN	NaN
630	44593648	0	NaN	NaN
631	44627059	0	NaN	NaN
632	44660445	0	NaN	NaN
633	44693806	0	NaN	NaN
634	44727144	0	NaN	NaN
635	44760457	0	NaN	NaN
636	44793746	0	NaN	NaN
637	44827012	0	NaN	NaN
638	44860253	0	NaN	NaN
639	44893470	0	NaN	NaN
640	44926663	0	NaN	NaN
641	44959833	0	NaN	NaN
642	44992978	0	NaN	NaN
643	45026100	0	NaN	NaN
644	45059198	0	NaN	NaN
645	45092273	0	NaN	NaN
646	45125324	0	NaN	NaN
647	45158351	0	NaN	NaN
648	45191355	0	NaN	NaN
649	45224336	0	NaN	NaN
650	45257293	0	NaN	NaN
651	45290227	0	NaN	NaN
652	45323138	0	NaN	NaN
653	45356026	0	NaN	NaN
654	45388890	0	NaN	NaN
655	45421731	0	NaN	NaN
656	45454550	0	NaN	NaN
657	45487345	0	NaN	NaN
658	45520118	0	NaN	NaN
659	45552867	0	NaN	NaN
660	45585594	0	NaN	NaN
661	45618298	0	NaN	NaN
662	45650980	0	NaN	NaN
663	45683638	0	NaN	NaN
664	45716275	0	NaN	NaN
665	45748888	0	NaN	NaN
666	45781479	0	NaN	NaN
667	45814048	0	NaN	NaN
668	45846594	0	NaN	NaN
669	45879118	0	NaN	NaN
670	45911620	0	NaN	NaN
671	45944099	0	NaN	NaN
672	45976557	0	NaN	NaN
673	46008992	0	NaN	NaN
674	46041405	0	NaN	NaN
675	46073796	0	NaN	NaN
676	46106165	0	NaN	NaN
677	46138512	0	NaN	NaN
678	46170837	0	NaN	NaN
679	46203140	0	NaN	NaN
680	46235422	0	NaN	NaN
681	46267682	0	NaN	NaN
682	46299920	0	NaN	NaN
683	46332136	0	NaN	NaN
684	46364331	0	NaN	NaN
685	46396505	0	NaN	NaN
686	46428657	0	NaN	NaN
687	46460787	0	NaN	NaN
688	46492896	0	NaN	NaN
689	46524984	0	NaN	NaN
690	46557050	0	NaN	NaN
691	46589095	0	NaN	NaN
692	46621119	0	NaN	NaN
693	46653122	0	NaN	NaN
694	46685104	0	NaN	NaN
695	46717064	0	NaN	NaN
696	46749004	0	NaN	NaN
697	46780922	0	NaN	NaN
698	46812820	0	NaN	NaN
699	46844697	0	NaN	NaN
700	46876553	0	NaN	NaN
701	46908388	0	NaN	NaN
702	46940202	0	NaN	NaN
703	46971996	0	NaN	NaN
704	47003769	0	NaN	NaN
705	47035521	0	NaN	NaN
706	47067253	0	NaN	NaN
707	47098965	0	NaN	NaN
708	47130655	0	NaN	NaN
709	47162326	0	NaN	NaN
710	47193976	0	NaN	NaN
711	47225606	0	NaN	NaN
712	47257215	0	NaN	NaN
713	47288804	0	NaN	NaN
714	47320373	0	NaN	NaN
715	47351922	0	NaN	NaN
716	47383450	0	NaN	NaN
717	47414959	0	NaN	NaN
718	47446447	0	NaN	NaN
719	47477916	0	NaN	NaN
720	47509365	0	NaN	NaN
721	47540793	0	NaN	NaN
722	47572202	0	NaN	NaN
723	47603591	0	NaN	NaN
724	47634960	0	NaN	NaN
725	47666309	0	NaN	NaN
726	47697639	0	NaN	NaN
727	47728949	0	NaN	NaN
728	47760240	0	NaN	NaN
729	47791510	0	NaN	NaN
730	47822762	0	NaN	NaN
731	47853994	0	NaN	NaN
732	47885206	0	NaN	NaN
733	47916399	0	NaN	NaN
734	47947573	0	NaN	NaN
735	47978727	0	NaN	NaN
736	48009862	0	NaN	NaN
737	48040977	0	NaN	NaN
738	48072074	0	NaN	NaN
739	48103151	0	NaN	NaN
740	48134209	0	NaN	NaN
741	48165249	0	NaN	NaN
742	48196269	0	NaN	NaN
743	48227270	0	NaN	NaN
744	48258252	0	NaN	NaN
745	48289215	0	NaN	NaN
746	48320159	0	NaN	NaN
747	48351084	0	NaN	NaN
748	48381991	0	NaN	NaN
749	48412879	0	NaN	NaN
750	48443748	0	NaN	NaN
751	48474598	0	NaN	NaN
752	48505430	0	NaN	NaN
753	48536243	0	NaN	NaN
754	48567037	0	NaN	NaN
755	48597813	0	NaN	NaN
756	48628571	0	NaN	NaN
757	48659310	0	NaN	NaN
758	48690030	0	NaN	NaN
759	48720732	0	NaN	NaN
760	48751416	0	NaN	NaN
761	48782081	0	NaN	NaN
762	48812728	0	NaN	NaN
763	48843357	0	NaN	NaN
764	48873968	0	NaN	NaN
765	48904560	0	NaN	NaN
766	48935135	0	NaN	NaN
767	48965691	0	NaN	NaN
768	48996229	0	NaN	NaN
769	49026749	0	NaN	NaN
770	49057251	0	NaN	NaN
771	49087736	0	NaN	NaN
772	49118202	0	NaN	NaN
773	49148650	0	NaN	NaN
774	49179081	0	NaN	NaN
775	49209493	0	NaN	NaN
776	49239888	0	NaN	NaN
777	49270266	0	NaN	NaN
778	49300625	0	NaN	NaN
779	49330967	0	NaN	NaN
780	49361291	0	NaN	NaN
781	49391598	0	NaN	NaN
782	49421886	0	NaN	NaN
783	49452158	0	NaN	NaN
784	49482412	0	NaN	NaN
785	49512648	0	NaN	NaN
786	49542867	0	NaN	NaN
787	49573069	0	NaN	NaN
788	49603253	0	NaN	NaN
789	49633420	0	NaN	NaN
790	49663570	0	NaN	NaN
791	49693702	0	NaN	NaN
792	49723817	0	NaN	NaN
793	49753915	0	NaN	NaN
794	49783996	0	NaN	NaN
795	49814060	0	NaN	NaN
796	49844106	0	NaN	NaN
797	49874136	0	NaN	NaN
798	49904148	0	NaN	NaN
799	49934144	0	NaN	NaN
800	49964122	0	NaN	NaN
801	49994084	0	NaN	NaN
802	50024028	0	NaN	NaN
803	50053956	0	NaN	NaN
804	50083867	0	NaN	NaN
805	50113761	0	NaN	NaN
806	50143639	0	NaN	NaN
807	50173500	0	NaN	NaN
808	50203343	0	NaN	NaN
809	50233171	0	NaN	NaN
810	50262981	0	NaN	NaN
811	50292775	0	NaN	NaN
812	50322553	0	NaN	NaN
813	50352314	0	NaN	NaN
814	50382058	0	NaN	NaN
815	50411786	0	NaN	NaN
816	50441498	0	NaN	NaN
817	50471193	0	NaN	NaN
818	50500871	0	NaN	NaN
819	50530533	0	NaN	NaN
820	50560179	0	NaN	NaN
821	50589809	0	NaN	NaN
822	50619422	0	NaN	NaN
823	50649020	0	NaN	NaN
824	50678601	0	NaN	NaN
825	50708165	0	NaN	NaN
826	50737714	0	NaN	NaN
827	50767246	0	NaN	NaN
828	50796763	0	NaN	NaN
829	50826263	0	NaN	NaN
830	50855748	0	NaN	NaN
831	50885216	0	NaN	NaN
832	50914668	0	NaN	NaN
833	50944105	0	NaN	NaN
834	50973525	0	NaN	NaN
835	51002930	0	NaN	NaN
836	51032319	0	NaN	NaN
837	51061692	0	NaN	NaN
838	51091049	0	NaN	NaN
839	51120390	0	NaN	NaN
840	51149716	0	NaN	NaN
841	51179026	0	NaN	NaN
842	51208320	0	NaN	NaN
843	51237599	0	NaN	NaN
844	51266862	0	NaN	NaN
845	51296109	0	NaN	NaN
846	51325341	0	NaN	NaN
847	51354558	0	NaN	NaN
848	51383759	0	NaN	NaN
849	51412944	0	NaN	NaN
850	51442114	0	NaN	NaN
851	51471269	0	NaN	NaN
852	51500408	0	NaN	NaN
853	51529531	0	NaN	NaN
854	51558640	0	NaN	NaN
855	51587733	0	NaN	NaN
856	51616811	0	NaN	NaN
857	51645873	0	NaN	NaN
858	51674921	0	NaN	NaN
859	51703953	0	NaN	NaN
860	51732970	0	NaN	NaN
861	51761972	0	NaN	NaN
862	51790959	0	NaN	NaN
863	51819930	0	NaN	NaN
864	51848887	0	NaN	NaN
865	51877829	0	NaN	NaN
866	51906755	0	NaN	NaN
867	51935667	0	NaN	NaN
868	51964563	0	NaN	NaN
869	51993445	0	NaN	NaN
870	52022312	0	NaN	NaN
871	52051164	0	NaN	NaN
872	52080001	0	NaN	NaN
873	52108823	0	NaN	NaN
874	52137631	0	NaN	NaN
875	52166423	0	NaN	NaN
876	52195201	0	NaN	NaN
877	52223965	0	NaN	NaN
878	52252713	0	NaN	NaN
879	52281447	0	NaN	NaN
880	52310166	0	NaN	NaN
881	52338871	0	NaN	NaN
882	52367561	0	NaN	NaN
883	52396237	0	NaN	NaN
884	52424898	0	NaN	NaN
885	52453544	0	NaN	NaN
886	52482176	0	NaN	NaN
887	52510794	0	NaN	NaN
888	52539397	0	NaN	NaN
889	52567985	0	NaN	NaN
890	52596560	0	NaN	NaN
891	52625120	0	NaN	NaN
892	52653665	0	NaN	NaN
893	52682196	0	NaN	NaN
894	52710713	0	NaN	NaN
895	52739216	0	NaN	NaN
896	52767705	0	NaN	NaN
897	52796179	0	NaN	NaN
898	52824639	0	NaN	NaN
899	52853085	0	NaN	NaN
900	52881517	0	NaN	NaN
901	52909934	0	NaN	NaN
902	52938338	0	NaN	NaN
903	52966728	0	NaN	NaN
904	52995103	0	NaN	NaN
905	53023465	0	NaN	NaN
906	53051812	0	NaN	NaN
907	53080146	0	NaN	NaN
908	53108465	0	NaN	NaN
909	53136771	0	NaN	NaN
910	53165063	0	NaN	NaN
911	53193341	0	NaN	NaN
912	53221605	0	NaN	NaN
913	53249855	0	NaN	NaN
914	53278091	0	NaN	NaN
915	53306314	0	NaN	NaN
916	53334523	0	NaN	NaN
917	53362718	0	NaN	NaN
918	53390899	0	NaN	NaN
919	53419067	0	NaN	NaN
920	53447221	0	NaN	NaN
921	53475362	0	NaN	NaN
922	53503488	0	NaN	NaN
923	53531602	0	NaN	NaN
924	53559701	0	NaN	NaN
925	53587787	0	NaN	NaN
926	53615860	0	NaN	NaN
927	53643919	0	NaN	NaN
928	53671965	0	NaN	NaN
929	53699997	0	NaN	NaN
930	53728016	0	NaN	NaN
931	53756021	0	NaN	NaN
932	53784013	0	NaN	NaN
933	53811991	0	NaN	NaN
934	53839956	0	NaN	NaN
935	53867908	0	NaN	NaN
936	53895847	0	NaN	NaN
937	53923772	0	NaN	NaN
938	53951684	0	NaN	NaN
939	53979583	0	NaN	NaN
940	54007469	0	NaN	NaN
941	54035341	0	NaN	NaN
942	54063200	0	NaN	NaN
943	54091046	0	NaN	NaN
944	54118879	0	NaN	NaN
945	54146699	0	NaN	NaN
946	54174506	0	NaN	NaN
947	54202299	0	NaN	NaN
948	54230080	0	NaN	NaN
949	54257848	0	NaN	NaN
950	54285602	0	NaN	NaN
951	54313344	0	NaN	NaN
952	54341073	0	NaN	NaN
953	54368788	0	NaN	NaN
954	54396491	0	NaN	NaN
955	54424181	0	NaN	NaN
956	54451858	0	NaN	NaN
957	54479523	0	NaN	NaN
958	54507174	0	NaN	NaN
959	54534813	0	NaN	NaN
960	54562438	0	NaN	NaN
961	54590051	0	NaN	NaN
962	54617652	0	NaN	NaN
963	54645239	0	NaN	NaN
964	54672814	0	NaN	NaN
965	54700376	0	NaN	NaN
966	54727926	0	NaN	NaN
967	54755462	0	NaN	NaN
968	54782987	0	NaN	NaN
969	54810498	0	NaN	NaN
970	54837997	0	NaN	NaN
971	54865484	0	NaN	NaN
972	54892958	0	NaN	NaN
973	54920419	0	NaN	NaN
974	54947868	0	NaN	NaN
975	54975304	0	NaN	NaN
976	55002728	0	NaN	NaN
977	55030140	0	NaN	NaN
978	55057539	0	NaN	NaN
979	55084926	0	NaN	NaN
980	55112300	0	NaN	NaN
981	55139662	0	NaN	NaN
982	55167011	0	NaN	NaN
983	55194349	0	NaN	NaN
984	55221674	0	NaN	NaN
985	55248986	0	NaN	NaN
986	55276287	0	NaN	NaN
987	55303575	0	NaN	NaN
988	55330851	0	NaN	NaN
989	55358114	0	NaN	NaN
990	55385366	0	NaN	NaN
991	55412605	0	NaN	NaN
992	55439832	0	NaN	NaN
993	55467047	0	NaN	NaN
994	55494250	0	NaN	NaN
995	55521441	0	NaN	NaN
996	55548620	0	NaN	NaN
997	55575786	0	NaN	NaN
998	55602941	0	NaN	NaN
999	55630084	0	NaN	NaN
1000	55657214	0	NaN	NaN
1001	55684333	0	NaN	NaN
1002	55711440	0	NaN	NaN
1003	55738534	0	NaN	NaN
1004	55765617	0	NaN	NaN
1005	55792688	0	NaN	NaN
1006	55819747	0	NaN	NaN
1007	55846794	0	NaN	NaN
1008	55873829	0	NaN	NaN
1009	55900853	0	NaN	NaN
1010	55927864	0	NaN	NaN
1011	55954864	0	NaN	NaN
1012	55981852	0	NaN	NaN
1013	56008828	0	NaN	NaN
1014	56035793	0	NaN	NaN
1015	56062746	0	NaN	NaN
1016	56089687	0	NaN	NaN
1017	56116616	0	NaN	NaN
1018	56143534	0	NaN	NaN
1019	56170440	0	NaN	NaN
1020	56197334	0	NaN	NaN
1021	56224217	0	NaN	NaN
1022	56251088	0	NaN	NaN
1023	56277948	0	NaN	NaN
1024	56304796	0	NaN	NaN
1025	56331632	0	NaN	NaN
1026	56358457	0	NaN	NaN
1027	56385271	0	NaN	NaN
1028	56412073	0	NaN	NaN
1029	56438863	0	NaN	NaN
1030	56465642	0	NaN	NaN
1031	56492410	0	NaN	NaN
1032	56519166	0	NaN	NaN
1033	56545910	0	NaN	NaN
1034	56572644	0	NaN	NaN
1035	56599366	0	NaN	NaN
1036	56626076	0	NaN	NaN
1037	56652775	0	NaN	NaN
1038	56679463	0	NaN	NaN
1039	56706140	0	NaN	NaN
1040	56732805	0	NaN	NaN
1041	56759459	0	NaN	NaN
1042	56786102	0	NaN	NaN
1043	56812733	0	NaN	NaN
1044	56839354	0	NaN	NaN
1045	56865963	0	NaN	NaN
1046	56892561	0	NaN	NaN
1047	56919147	0	NaN	NaN
1048	56945723	0	NaN	NaN
1049	56972287	0	NaN	NaN
1050	56998841	0	NaN	NaN
1051	57025383	0	NaN	NaN
1052	57051914	0	NaN	NaN
1053	57078434	0	NaN	NaN
1054	57104943	0	NaN	NaN
1055	57131441	0	NaN	NaN
1056	57157927	0	NaN	NaN
1057	57184403	0	NaN	NaN
1058	57210868	0	NaN	NaN
1059	57237322	0	NaN	NaN
1060	57263765	0	NaN	NaN
1061	57290197	0	NaN	NaN
1062	57316618	0	NaN	NaN
1063	57343028	0	NaN	NaN
1064	57369427	0	NaN	NaN
1065	57395816	0	NaN	NaN
1066	57422193	0	NaN	NaN
1067	57448560	0	NaN	NaN
1068	57474915	0	NaN	NaN
1069	57501260	0	NaN	NaN
1070	57527595	0	NaN	NaN
1071	57553918	0	NaN	NaN
1072	57580231	0	NaN	NaN
1073	57606532	0	NaN	NaN
1074	57632824	0	NaN	NaN
1075	57659104	0	NaN	NaN
1076	57685374	0	NaN	NaN
1077	57711633	0	NaN	NaN
1078	57737881	0	NaN	NaN
1079	57764118	0	NaN	NaN
1080	57790345	0	NaN	NaN
1081	57816562	0	NaN	NaN
1082	57842767	0	NaN	NaN
1083	57868963	0	NaN	NaN
1084	57895147	0	NaN	NaN
1085	57921321	0	NaN	NaN
1086	57947484	0	NaN	NaN
1087	57973637	0	NaN	NaN
1088	57999780	0	NaN	NaN
1089	58025911	0	NaN	NaN
1090	58052033	0	NaN	NaN
1091	58078144	0	NaN	NaN
1092	58104244	0	NaN	NaN
1093	58130334	0	NaN	NaN
1094	58156413	0	NaN	NaN
1095	58182482	0	NaN	NaN
1096	58208541	0	NaN	NaN
1097	58234589	0	NaN	NaN
1098	58260627	0	NaN	NaN
1099	58286655	0	NaN	NaN
1100	58312672	0	NaN	NaN
1101	58338679	0	NaN	NaN
1102	58364675	0	NaN	NaN
1103	58390661	0	NaN	NaN
1104	58416637	0	NaN	NaN
1105	58442603	0	NaN	NaN
1106	58468558	0	NaN	NaN
1107	58494503	0	NaN	NaN
1108	58520438	0	NaN	NaN
1109	58546363	0	NaN	NaN
1110	58572277	0	NaN	NaN
1111	58598182	0	NaN	NaN
1112	58624076	0	NaN	NaN
1113	58649960	0	NaN	NaN
1114	58675833	0	NaN	NaN
1115	58701697	0	NaN	NaN
1116	58727551	0	NaN	NaN
1117	58753394	0	NaN	NaN
1118	58779227	0	NaN	NaN
1119	58805050	0	NaN	NaN
1120	58830864	0	NaN	NaN
1121	58856667	0	NaN	NaN
1122	58882460	0	NaN	NaN
1123	58908243	0	NaN	NaN
1124	58934016	0	NaN	NaN
1125	58959779	0	NaN	NaN
1126	58985532	0	NaN	NaN
1127	59011275	0	NaN	NaN
1128	59037008	0	NaN	NaN
1129	59062732	0	NaN	NaN
1130	59088445	0	NaN	NaN
1131	59114148	0	NaN	NaN
1132	59139842	0	NaN	NaN
1133	59165526	0	NaN	NaN
1134	59191199	0	NaN	NaN
1135	59216863	0	NaN	NaN
1136	59242517	0	NaN	NaN
1137	59268161	0	NaN	NaN
1138	59293796	0	NaN	NaN
1139	59319420	0	NaN	NaN
1140	59345035	0	NaN	NaN
1141	59370640	0	NaN	NaN
1142	59396235	0	NaN	NaN
1143	59421821	0	NaN	NaN
1144	59447397	0	NaN	NaN
1145	59472963	0	NaN	NaN
1146	59498519	0	NaN	NaN
1147	59524066	0	NaN	NaN
1148	59549603	0	NaN	NaN
1149	59575130	0	NaN	NaN
1150	59600647	0	NaN	NaN
1151	59626155	0	NaN	NaN
1152	59651654	0	NaN	NaN
1153	59677142	0	NaN	NaN
1154	59702622	0	NaN	NaN
1155	59728091	0	NaN	NaN
1156	59753551	0	NaN	NaN
1157	59779001	0	NaN	NaN
1158	59804442	0	NaN	NaN
1159	59829873	0	NaN	NaN
1160	59855295	0	NaN	NaN
1161	59880707	0	NaN	NaN
1162	59906110	0	NaN	NaN
1163	59931503	0	NaN	NaN
1164	59956887	0	NaN	NaN
1165	59982261	0	NaN	NaN
1166	60007626	0	NaN	NaN
1167	60032981	0	NaN	NaN
1168	60058327	0	NaN	NaN
1169	60083664	0	NaN	NaN
1170	60108991	0	NaN	NaN
1171	60134309	0	NaN	NaN
1172	60159617	0	NaN	NaN
1173	60184916	0	NaN	NaN
1174	60210206	0	NaN	NaN
1175	60235486	0	NaN	NaN
1176	60260757	0	NaN	NaN
1177	60286019	0	NaN	NaN
1178	60311271	0	NaN	NaN
1179	60336514	0	NaN	NaN
1180	60361748	0	NaN	NaN
1181	60386972	0	NaN	NaN
1182	60412188	0	NaN	NaN
1183	60437394	0	NaN	NaN
1184	60462590	0	NaN	NaN
1185	60487778	0	NaN	NaN
1186	60512956	0	NaN	NaN
1187	60538125	0	NaN	NaN
1188	60563285	0	NaN	NaN
1189	60588436	0	NaN	NaN
1190	60613578	0	NaN	NaN
1191	60638710	0	NaN	NaN
1192	60663834	0	NaN	NaN
1193	60688948	0	NaN	NaN
1194	60714053	0	NaN	NaN
1195	60739149	0	NaN	NaN
1196	60764236	0	NaN	NaN
1197	60789314	0	NaN	NaN
1198	60814383	0	NaN	NaN
1199	60839442	0	NaN	NaN
1200	60864493	0	NaN	NaN
1201	60889535	0	NaN	NaN
1202	60914567	0	NaN	NaN
1203	60939591	0	NaN	NaN
1204	60964606	0	NaN	NaN
1205	60989611	0	NaN	NaN
1206	61014608	0	NaN	NaN
1207	61039596	0	NaN	NaN
1208	61064574	0	NaN	NaN
1209	61089544	0	NaN	NaN
1210	61114505	0	NaN	NaN
1211	61139457	0	NaN	NaN
1212	61164400	0	NaN	NaN
1213	61189334	0	NaN	NaN
1214	61214260	0	NaN	NaN
1215	61239176	0	NaN	NaN
1216	61264084	0	NaN	NaN
1217	61288982	0	NaN	NaN
1218	61313872	0	NaN	NaN
1219	61338753	0	NaN	NaN
1220	61363626	0	NaN	NaN
1221	61388489	0	NaN	NaN
1222	61413344	0	NaN	NaN
1223	61438190	0	NaN	NaN
1224	61463027	0	NaN	NaN
1225	61487855	0	NaN	NaN
1226	61512675	0	NaN	NaN
1227	61537486	0	NaN	NaN
1228	61562288	0	NaN	NaN
1229	61587081	0	NaN	NaN
1230	61611866	0	NaN	NaN
1231	61636642	0	NaN	NaN
1232	61661410	0	NaN	NaN
1233	61686168	0	NaN	NaN
1234	61710918	0	NaN	NaN
1235	61735660	0	NaN	NaN
1236	61760393	0	NaN	NaN
1237	61785117	0	NaN	NaN
1238	61809832	0	NaN	NaN
1239	61834539	0	NaN	NaN
1240	61859238	0	NaN	NaN
1241	61883927	0	NaN	NaN
1242	61908608	0	NaN	NaN
1243	61933281	0	NaN	NaN
1244	61957945	0	NaN	NaN
1245	61982601	0	NaN	NaN
1246	62007248	0	NaN	NaN
1247	62031886	0	NaN	NaN
1248	62056516	0	NaN	NaN
1249	62081138	0	NaN	NaN
1250	62105751	0	NaN	NaN
1251	62130355	0	NaN	NaN
1252	62154951	0	NaN	NaN
1253	62179539	0	NaN	NaN
1254	62204118	0	NaN	NaN
1255	62228689	0	NaN	NaN
1256	62253251	0	NaN	NaN
1257	62277805	0	NaN	NaN
1258	62302350	0	NaN	NaN
1259	62326887	0	NaN	NaN
1260	62351416	0	NaN	NaN
1261	62375936	0	NaN	NaN
1262	62400448	0	NaN	NaN
1263	62424952	0	NaN	NaN
1264	62449447	0	NaN	NaN
1265	62473934	0	NaN	NaN
1266	62498412	0	NaN	NaN
1267	62522883	0	NaN	NaN
1268	62547345	0	NaN	NaN
1269	62571798	0	NaN	NaN
1270	62596244	0	NaN	NaN
1271	62620681	0	NaN	NaN
1272	62645110	0	NaN	NaN
1273	62669530	0	NaN	NaN
1274	62693943	0	NaN	NaN
1275	62718347	0	NaN	NaN
1276	62742743	0	NaN	NaN
1277	62767131	0	NaN	NaN
1278	62791510	0	NaN	NaN
1279	62815882	0	NaN	NaN
1280	62840245	0	NaN	NaN
1281	62864600	0	NaN	NaN
1282	62888946	0	NaN	NaN
1283	62913285	0	NaN	NaN
1284	62937616	0	NaN	NaN
1285	62961938	0	NaN	NaN
1286	62986252	0	NaN	NaN
1287	63010558	0	NaN	NaN
1288	63034856	0	NaN	NaN
1289	63059146	0	NaN	NaN
1290	63083428	0	NaN	NaN
1291	63107702	0	NaN	NaN
1292	63131968	0	NaN	NaN
1293	63156225	0	NaN	NaN
1294	63180475	0	NaN	NaN
1295	63204717	0	NaN	NaN
1296	63228950	0	NaN	NaN
1297	63253176	0	NaN	NaN
1298	63277393	0	NaN	NaN
1299	63301603	0	NaN	NaN
1300	63325804	0	NaN	NaN
1301	63349998	0	NaN	NaN
1302	63374184	0	NaN	NaN
1303	63398361	0	NaN	NaN
1304	63422531	0	NaN	NaN
1305	63446693	0	NaN	NaN
1306	63470847	0	NaN	NaN
1307	63494992	0	NaN	NaN
1308	63519130	0	NaN	NaN
1309	63543261	0	NaN	NaN
1310	63567383	0	NaN	NaN
1311	63591497	0	NaN	NaN
1312	63615603	0	NaN	NaN
1313	63639702	0	NaN	NaN
1314	63663793	0	NaN	NaN
1315	63687876	0	NaN	NaN
1316	63711951	0	NaN	NaN
1317	63736018	0	NaN	NaN
1318	63760077	0	NaN	NaN
1319	63784129	0	NaN	NaN
1320	63808172	0	NaN	NaN
1321	63832208	0	NaN	NaN
1322	63856237	0	NaN	NaN
1323	63880257	0	NaN	NaN
1324	63904270	0	NaN	NaN
1325	63928275	0	NaN	NaN
1326	63952272	0	NaN	NaN
1327	63976261	0	NaN	NaN
1328	64000243	0	NaN	NaN
1329	64024217	0	NaN	NaN
1330	64048183	0	NaN	NaN
1331	64072141	0	NaN	NaN
1332	64096092	0	NaN	NaN
1333	64120035	0	NaN	NaN
1334	64143971	0	NaN	NaN
1335	64167899	0	NaN	NaN
1336	64191819	0	NaN	NaN
1337	64215731	0	NaN	NaN
1338	64239636	0	NaN	NaN
1339	64263534	0	NaN	NaN
1340	64287423	0	NaN	NaN
1341	64311305	0	NaN	NaN
1342	64335179	0	NaN	NaN
1343	64359046	0	NaN	NaN
1344	64382905	0	NaN	NaN
1345	64406757	0	NaN	NaN
1346	64430601	0	NaN	NaN
1347	64454438	0	NaN	NaN
1348	64478267	0	NaN	NaN
1349	64502088	0	NaN	NaN
1350	64525902	0	NaN	NaN
1351	64549708	0	NaN	NaN
1352	64573507	0	NaN	NaN
1353	64597298	0	NaN	NaN
1354	64621082	0	NaN	NaN
1355	64644858	0	NaN	NaN
1356	64668627	0	NaN	NaN
1357	64692388	0	NaN	NaN
1358	64716142	0	NaN	NaN
1359	64739889	0	NaN	NaN
1360	64763628	0	NaN	NaN
1361	64787359	0	NaN	NaN
1362	64811083	0	NaN	NaN
1363	64834800	0	NaN	NaN
1364	64858509	0	NaN	NaN
1365	64882211	0	NaN	NaN
1366	64905905	0	NaN	NaN
1367	64929592	0	NaN	NaN
1368	64953272	0	NaN	NaN
1369	64976944	0	NaN	NaN
1370	65000609	0	NaN	NaN
1371	65024267	0	NaN	NaN
1372	65047917	0	NaN	NaN
1373	65071560	0	NaN	NaN
1374	65095195	0	NaN	NaN
1375	65118823	0	NaN	NaN
1376	65142444	0	NaN	NaN
1377	65166058	0	NaN	NaN
1378	65189664	0	NaN	NaN
1379	65213263	0	NaN	NaN
1380	65236855	0	NaN	NaN
1381	65260439	0	NaN	NaN
1382	65284016	0	NaN	NaN
1383	65307586	0	NaN	NaN
1384	65331149	0	NaN	NaN
1385	65354704	0	NaN	NaN
1386	65378252	0	NaN	NaN
1387	65401793	0	NaN	NaN
1388	65425327	0	NaN	NaN
1389	65448853	0	NaN	NaN
1390	65472373	0	NaN	NaN
1391	65495885	0	NaN	NaN
1392	65519389	0	NaN	NaN
1393	65542887	0	NaN	NaN
1394	65566378	0	NaN	NaN
1395	65589861	0	NaN	NaN
1396	65613337	0	NaN	NaN
1397	65636806	0	NaN	NaN
1398	65660268	0	NaN	NaN
1399	65683723	0	NaN	NaN
1400	65707170	0	NaN	NaN
1401	65730611	0	NaN	NaN
1402	65754044	0	NaN	NaN
1403	65777471	0	NaN	NaN
1404	65800890	0	NaN	NaN
1405	65824302	0	NaN	NaN
1406	65847707	0	NaN	NaN
1407	65871105	0	NaN	NaN
1408	65894496	0	NaN	NaN
1409	65917880	0	NaN	NaN
1410	65941257	0	NaN	NaN
1411	65964626	0	NaN	NaN
1412	65987989	0	NaN	NaN
1413	66011345	0	NaN	NaN
1414	66034693	0	NaN	NaN
1415	66058035	0	NaN	NaN
1416	66081370	0	NaN	NaN
1417	66104697	0	NaN	NaN
1418	66128018	0	NaN	NaN
1419	66151332	0	NaN	NaN
1420	66174638	0	NaN	NaN
1421	66197938	0	NaN	NaN
1422	66221231	0	NaN	NaN
1423	66244517	0	NaN	NaN
1424	66267796	0	NaN	NaN
1425	66291068	0	NaN	NaN
1426	66314333	0	NaN	NaN
1427	66337591	0	NaN	NaN
1428	66360842	0	NaN	NaN
1429	66384086	0	NaN	NaN
1430	66407324	0	NaN	NaN
1431	66430554	0	NaN	NaN
1432	66453778	0	NaN	NaN
1433	66476994	0	NaN	NaN
1434	66500204	0	NaN	NaN
1435	66523407	0	NaN	NaN
1436	66546603	0	NaN	NaN
1437	66569793	0	NaN	NaN
1438	66592975	0	NaN	NaN
1439	66616151	0	NaN	NaN
1440	66639320	0	NaN	NaN
1441	66662482	0	NaN	NaN
1442	66685637	0	NaN	NaN
1443	66708785	0	NaN	NaN
1444	66731927	0	NaN	NaN
1445	66755061	0	NaN	NaN
1446	66778189	0	NaN	NaN
1447	66801311	0	NaN	NaN
1448	66824425	0	NaN	NaN
1449	66847533	0	NaN	NaN
1450	66870634	0	NaN	NaN
1451	66893728	0	NaN	NaN
1452	66916815	0	NaN	NaN
1453	66939896	0	NaN	NaN
1454	66962970	0	NaN	NaN
1455	66986037	0	NaN	NaN
1456	67009098	0	NaN	NaN
1457	67032152	0	NaN	NaN
1458	67055199	0	NaN	NaN
1459	67078239	0	NaN	NaN
1460	67101273	0	NaN	NaN
1461	67124300	0	NaN	NaN
1462	67147321	0	NaN	NaN
1463	67170334	0	NaN	NaN
1464	67193342	0	NaN	NaN
1465	67216342	0	NaN	NaN
1466	67239336	0	NaN	NaN
1467	67262323	0	NaN	NaN
1468	67285304	0	NaN	NaN
1469	67308278	0	NaN	NaN
1470	67331245	0	NaN	NaN
1471	67354206	0	NaN	NaN
1472	67377160	0	NaN	NaN
1473	67400107	0	NaN	NaN
1474	67423048	0	NaN	NaN
1475	67445983	0	NaN	NaN
1476	67468910	0	NaN	NaN
1477	67491832	0	NaN	NaN
1478	67514746	0	NaN	NaN
1479	67537654	0	NaN	NaN
1480	67560556	0	NaN	NaN
1481	67583451	0	NaN	NaN
1482	67606339	0	NaN	NaN
1483	67629221	0	NaN	NaN
1484	67652097	0	NaN	NaN
1485	67674966	0	NaN	NaN
1486	67697828	0	NaN	NaN
1487	67720684	0	NaN	NaN
1488	67743534	0	NaN	NaN
1489	67766377	0	NaN	NaN
1490	67789213	0	NaN	NaN
1491	67812043	0	NaN	NaN
1492	67834867	0	NaN	NaN
1493	67857684	0	NaN	NaN
1494	67880494	0	NaN	NaN
1495	67903298	0	NaN	NaN
1496	67926096	0	NaN	NaN
1497	67948887	0	NaN	NaN
1498	67971672	0	NaN	NaN
1499	67994451	0	NaN	NaN
1500	68017223	0	NaN	NaN
1501	68039988	0	NaN	NaN
1502	68062748	0	NaN	NaN
1503	68085501	0	NaN	NaN
1504	68108247	0	NaN	NaN
1505	68130987	0	NaN	NaN
1506	68153721	0	NaN	NaN
1507	68176448	0	NaN	NaN
1508	68199169	0	NaN	NaN
1509	68221884	0	NaN	NaN
1510	68244592	0	NaN	NaN
1511	68267294	0	NaN	NaN
1512	68289989	0	NaN	NaN
1513	68312679	0	NaN	NaN
1514	68335362	0	NaN	NaN
1515	68358038	0	NaN	NaN
1516	68380708	0	NaN	NaN
1517	68403372	0	NaN	NaN
1518	68426030	0	NaN	NaN
1519	68448681	0	NaN	NaN
1520	68471327	0	NaN	NaN
1521	68493965	0	NaN	NaN
1522	68516598	0	NaN	NaN
1523	68539224	0	NaN	NaN
1524	68561844	0	NaN	NaN
1525	68584458	0	NaN	NaN
1526	68607066	0	NaN	NaN
1527	68629667	0	NaN	NaN
1528	68652262	0	NaN	NaN
1529	68674851	0	NaN	NaN
1530	68697433	0	NaN	NaN
1531	68720010	0	NaN	NaN
1532	68742580	0	NaN	NaN
1533	68765144	0	NaN	NaN
1534	68787702	0	NaN	NaN
1535	68810253	0	NaN	NaN
1536	68832799	0	NaN	NaN
1537	68855338	0	NaN	NaN
1538	68877871	0	NaN	NaN
1539	68900398	0	NaN	NaN
1540	68922918	0	NaN	NaN
1541	68945433	0	NaN	NaN
1542	68967941	0	NaN	NaN
1543	68990444	0	NaN	NaN
1544	69012940	0	NaN	NaN
1545	69035430	0	NaN	NaN
1546	69057914	0	NaN	NaN
1547	69080391	0	NaN	NaN
1548	69102863	0	NaN	NaN
1549	69125328	0	NaN	NaN
1550	69147788	0	NaN	NaN
1551	69170241	0	NaN	NaN
1552	69192688	0	NaN	NaN
1553	69215129	0	NaN	NaN
1554	69237564	0	NaN	NaN
1555	69259993	0	NaN	NaN
1556	69282416	0	NaN	NaN
1557	69304833	0	NaN	NaN
1558	69327244	0	NaN	NaN
1559	69349649	0	NaN	NaN
1560	69372048	0	NaN	NaN
1561	69394440	0	NaN	NaN
1562	69416827	0	NaN	NaN
1563	69439207	0	NaN	NaN
1564	69461582	0	NaN	NaN
1565	69483951	0	NaN	NaN
1566	69506313	0	NaN	NaN
1567	69528670	0	NaN	NaN
1568	69551020	0	NaN	NaN
1569	69573365	0	NaN	NaN
1570	69595704	0	NaN	NaN
1571	69618036	0	NaN	NaN
1572	69640363	0	NaN	NaN
1573	69662683	0	NaN	NaN
1574	69684998	0	NaN	NaN
1575	69707307	0	NaN	NaN
1576	69729610	0	NaN	NaN
1577	69751907	0	NaN	NaN
1578	69774198	0	NaN	NaN
1579	69796483	0	NaN	NaN
1580	69818762	0	NaN	NaN
1581	69841035	0	NaN	NaN
1582	69863302	0	NaN	NaN
1583	69885563	0	NaN	NaN
1584	69907819	0	NaN	NaN
1585	69930068	0	NaN	NaN
1586	69952312	0	NaN	NaN
1587	69974550	0	NaN	NaN
1588	69996781	0	NaN	NaN
1589	70019007	0	NaN	NaN
1590	70041227	0	NaN	NaN
1591	70063442	0	NaN	NaN
1592	70085650	0	NaN	NaN
1593	70107853	0	NaN	NaN
1594	70130049	0	NaN	NaN
1595	70152240	0	NaN	NaN
1596	70174425	0	NaN	NaN
1597	70196604	0	NaN	NaN
1598	70218777	0	NaN	NaN
1599	70240945	0	NaN	NaN
1600	70263107	0	NaN	NaN
1601	70285262	0	NaN	NaN
1602	70307413	0	NaN	NaN
1603	70329557	0	NaN	NaN
1604	70351695	0	NaN	NaN
1605	70373828	0	NaN	NaN
1606	70395955	0	NaN	NaN
1607	70418076	0	NaN	NaN
1608	70440191	0	NaN	NaN
1609	70462301	0	NaN	NaN
1610	70484405	0	NaN	NaN
1611	70506503	0	NaN	NaN
1612	70528595	0	NaN	NaN
1613	70550682	0	NaN	NaN
1614	70572762	0	NaN	NaN
1615	70594838	0	NaN	NaN
1616	70616907	0	NaN	NaN
1617	70638971	0	NaN	NaN
1618	70661028	0	NaN	NaN
1619	70683081	0	NaN	NaN
1620	70705127	0	NaN	NaN
1621	70727168	0	NaN	NaN
1622	70749203	0	NaN	NaN
1623	70771232	0	NaN	NaN
1624	70793256	0	NaN	NaN
1625	70815274	0	NaN	NaN
1626	70837287	0	NaN	NaN
1627	70859293	0	NaN	NaN
1628	70881294	0	NaN	NaN
1629	70903290	0	NaN	NaN
1630	70925279	0	NaN	NaN
1631	70947263	0	NaN	NaN
1632	70969242	0	NaN	NaN
1633	70991214	0	NaN	NaN
1634	71013182	0	NaN	NaN
1635	71035143	0	NaN	NaN
1636	71057099	0	NaN	NaN
1637	71079049	0	NaN	NaN
1638	71100994	0	NaN	NaN
1639	71122933	0	NaN	NaN
1640	71144866	0	NaN	NaN
1641	71166794	0	NaN	NaN
1642	71188716	0	NaN	NaN
1643	71210633	0	NaN	NaN
1644	71232544	0	NaN	NaN
1645	71254449	0	NaN	NaN
1646	71276349	0	NaN	NaN
1647	71298244	0	NaN	NaN
1648	71320132	0	NaN	NaN
1649	71342016	0	NaN	NaN
1650	71363893	0	NaN	NaN
1651	71385765	0	NaN	NaN
1652	71407632	0	NaN	NaN
1653	71429493	0	NaN	NaN
1654	71451348	0	NaN	NaN
1655	71473198	0	NaN	NaN
1656	71495043	0	NaN	NaN
1657	71516882	0	NaN	NaN
1658	71538715	0	NaN	NaN
1659	71560543	0	NaN	NaN
1660	71582366	0	NaN	NaN
1661	71604182	0	NaN	NaN
1662	71625994	0	NaN	NaN
1663	71647800	0	NaN	NaN
1664	71669600	0	NaN	NaN
1665	71691395	0	NaN	NaN
1666	71713185	0	NaN	NaN
1667	71734969	0	NaN	NaN
1668	71756747	0	NaN	NaN
1669	71778520	0	NaN	NaN
1670	71800288	0	NaN	NaN
1671	71822050	0	NaN	NaN
1672	71843807	0	NaN	NaN
1673	71865558	0	NaN	NaN
1674	71887304	0	NaN	NaN
1675	71909044	0	NaN	NaN
1676	71930779	0	NaN	NaN
1677	71952509	0	NaN	NaN
1678	71974233	0	NaN	NaN
1679	71995952	0	NaN	NaN
1680	72017665	0	NaN	NaN
1681	72039373	0	NaN	NaN
1682	72061076	0	NaN	NaN
1683	72082773	0	NaN	NaN
1684	72104465	0	NaN	NaN
1685	72126151	0	NaN	NaN
1686	72147832	0	NaN	NaN
1687	72169508	0	NaN	NaN
1688	72191178	0	NaN	NaN
1689	72212843	0	NaN	NaN
1690	72234503	0	NaN	NaN
1691	72256157	0	NaN	NaN
1692	72277806	0	NaN	NaN
1693	72299449	0	NaN	NaN
1694	72321087	0	NaN	NaN
1695	72342720	0	NaN	NaN
1696	72364348	0	NaN	NaN
1697	72385970	0	NaN	NaN
1698	72407587	0	NaN	NaN
1699	72429198	0	NaN	NaN
1700	72450805	0	NaN	NaN
1701	72472405	0	NaN	NaN
1702	72494001	0	NaN	NaN
1703	72515591	0	NaN	NaN
1704	72537176	0	NaN	NaN
1705	72558756	0	NaN	NaN
1706	72580331	0	NaN	NaN
1707	72601900	0	NaN	NaN
1708	72623464	0	NaN	NaN
1709	72645022	0	NaN	NaN
1710	72666576	0	NaN	NaN
1711	72688124	0	NaN	NaN
1712	72709667	0	NaN	NaN
1713	72731204	0	NaN	NaN
1714	72752737	0	NaN	NaN
1715	72774264	0	NaN	NaN
1716	72795786	0	NaN	NaN
1717	72817302	0	NaN	NaN
1718	72838814	0	NaN	NaN
1719	72860320	0	NaN	NaN
1720	72881821	0	NaN	NaN
1721	72903317	0	NaN	NaN
1722	72924807	0	NaN	NaN
1723	72946293	0	NaN	NaN
1724	72967773	0	NaN	NaN
1725	72989248	0	NaN	NaN
1726	73010718	0	NaN	NaN
1727	73032182	0	NaN	NaN
1728	73053642	0	NaN	NaN
1729	73075096	0	NaN	NaN
1730	73096545	0	NaN	NaN
1731	73117989	0	NaN	NaN
1732	73139427	0	NaN	NaN
1733	73160861	0	NaN	NaN
1734	73182289	0	NaN	NaN
1735	73203713	0	NaN	NaN
1736	73225131	0	NaN	NaN
1737	73246544	0	NaN	NaN
1738	73267951	0	NaN	NaN
1739	73289354	0	NaN	NaN
1740	73310752	0	NaN	NaN
1741	73332144	0	NaN	NaN
1742	73353531	0	NaN	NaN
1743	73374913	0	NaN	NaN
1744	73396290	0	NaN	NaN
1745	73417662	0	NaN	NaN
1746	73439029	0	NaN	NaN
1747	73460391	0	NaN	NaN
1748	73481748	0	NaN	NaN
1749	73503099	0	NaN	NaN
1750	73524446	0	NaN	NaN
1751	73545787	0	NaN	NaN
1752	73567123	0	NaN	NaN
1753	73588455	0	NaN	NaN
1754	73609781	0	NaN	NaN
1755	73631102	0	NaN	NaN
1756	73652418	0	NaN	NaN
1757	73673729	0	NaN	NaN
1758	73695035	0	NaN	NaN
1759	73716336	0	NaN	NaN
1760	73737631	0	NaN	NaN
1761	73758922	0	NaN	NaN
1762	73780208	0	NaN	NaN
1763	73801489	0	NaN	NaN
1764	73822764	0	NaN	NaN
1765	73844035	0	NaN	NaN
1766	73865301	0	NaN	NaN
1767	73886561	0	NaN	NaN
1768	73907817	0	NaN	NaN
1769	73929068	0	NaN	NaN
1770	73950313	0	NaN	NaN
1771	73971554	0	NaN	NaN
1772	73992789	0	NaN	NaN
1773	74014020	0	NaN	NaN
1774	74035246	0	NaN	NaN
1775	74056466	0	NaN	NaN
1776	74077682	0	NaN	NaN
1777	74098893	0	NaN	NaN
1778	74120099	0	NaN	NaN
1779	74141299	0	NaN	NaN
1780	74162495	0	NaN	NaN
1781	74183686	0	NaN	NaN
1782	74204872	0	NaN	NaN
1783	74226053	0	NaN	NaN
1784	74247229	0	NaN	NaN
1785	74268400	0	NaN	NaN
1786	74289566	0	NaN	NaN
1787	74310727	0	NaN	NaN
1788	74331884	0	NaN	NaN
1789	74353035	0	NaN	NaN
1790	74374181	0	NaN	NaN
1791	74395323	0	NaN	NaN
1792	74416460	0	NaN	NaN
1793	74437591	0	NaN	NaN
1794	74458718	0	NaN	NaN
1795	74479840	0	NaN	NaN
1796	74500957	0	NaN	NaN
1797	74522069	0	NaN	NaN
1798	74543176	0	NaN	NaN
1799	74564279	0	NaN	NaN
1800	74585376	0	NaN	NaN
1801	74606469	0	NaN	NaN
1802	74627556	0	NaN	NaN
1803	74648639	0	NaN	NaN
1804	74669717	0	NaN	NaN
1805	74690790	0	NaN	NaN
1806	74711859	0	NaN	NaN
1807	74732922	0	NaN	NaN
1808	74753980	0	NaN	NaN
1809	74775034	0	NaN	NaN
1810	74796083	0	NaN	NaN
1811	74817127	0	NaN	NaN
1812	74838166	0	NaN	NaN
1813	74859201	0	NaN	NaN
1814	74880230	0	NaN	NaN
1815	74901255	0	NaN	NaN
1816	74922275	0	NaN	NaN
1817	74943290	0	NaN	NaN
1818	74964300	0	NaN	NaN
1819	74985306	0	NaN	NaN
1820	75006306	0	NaN	NaN
1821	75027302	0	NaN	NaN
1822	75048293	0	NaN	NaN
1823	75069280	0	NaN	NaN
1824	75090261	0	NaN	NaN
1825	75111238	0	NaN	NaN
1826	75132210	0	NaN	NaN
1827	75153177	0	NaN	NaN
1828	75174140	0	NaN	NaN
1829	75195097	0	NaN	NaN
1830	75216050	0	NaN	NaN
1831	75236998	0	NaN	NaN
1832	75257942	0	NaN	NaN
1833	75278880	0	NaN	NaN
1834	75299814	0	NaN	NaN
1835	75320743	0	NaN	NaN
1836	75341668	0	NaN	NaN
1837	75362587	0	NaN	NaN
1838	75383502	0	NaN	NaN
1839	75404412	0	NaN	NaN
1840	75425318	0	NaN	NaN
1841	75446219	0	NaN	NaN
1842	75467115	0	NaN	NaN
1843	75488006	0	NaN	NaN
1844	75508893	0	NaN	NaN
1845	75529774	0	NaN	NaN
1846	75550652	0	NaN	NaN
1847	75571524	0	NaN	NaN
1848	75592392	0	NaN	NaN
1849	75613255	0	NaN	NaN
1850	75634113	0	NaN	NaN
1851	75654967	0	NaN	NaN
1852	75675816	0	NaN	NaN
1853	75696661	0	NaN	NaN
1854	75717500	0	NaN	NaN
1855	75738335	0	NaN	NaN
1856	75759166	0	NaN	NaN
1857	75779991	0	NaN	NaN
1858	75800813	0	NaN	NaN
1859	75821629	0	NaN	NaN
1860	75842441	0	NaN	NaN
1861	75863248	0	NaN	NaN
1862	75884050	0	NaN	NaN
1863	75904848	0	NaN	NaN
1864	75925641	0	NaN	NaN
1865	75946430	0	NaN	NaN
1866	75967214	0	NaN	NaN
1867	75987993	0	NaN	NaN
1868	76008768	0	NaN	NaN
1869	76029538	0	NaN	NaN
1870	76050303	0	NaN	NaN
1871	76071064	0	NaN	NaN
1872	76091820	0	NaN	NaN
1873	76112572	0	NaN	NaN
1874	76133319	0	NaN	NaN
1875	76154061	0	NaN	NaN
1876	76174799	0	NaN	NaN
1877	76195532	0	NaN	NaN
1878	76216261	0	NaN	NaN
1879	76236985	0	NaN	NaN
1880	76257705	0	NaN	NaN
1881	76278419	0	NaN	NaN
1882	76299130	0	NaN	NaN
1883	76319836	0	NaN	NaN
1884	76340537	0	NaN	NaN
1885	76361233	0	NaN	NaN
1886	76381926	0	NaN	NaN
1887	76402613	0	NaN	NaN
1888	76423296	0	NaN	NaN
1889	76443974	0	NaN	NaN
1890	76464648	0	NaN	NaN
1891	76485318	0	NaN	NaN
1892	76505983	0	NaN	NaN
1893	76526643	0	NaN	NaN
1894	76547299	0	NaN	NaN
1895	76567950	0	NaN	NaN
1896	76588597	0	NaN	NaN
1897	76609239	0	NaN	NaN
1898	76629876	0	NaN	NaN
1899	76650510	0	NaN	NaN
1900	76671138	0	NaN	NaN
1901	76691762	0	NaN	NaN
1902	76712382	0	NaN	NaN
1903	76732997	0	NaN	NaN
1904	76753608	0	NaN	NaN
1905	76774214	0	NaN	NaN
1906	76794816	0	NaN	NaN
1907	76815413	0	NaN	NaN
1908	76836005	0	NaN	NaN
1909	76856594	0	NaN	NaN
1910	76877177	0	NaN	NaN
1911	76897757	0	NaN	NaN
1912	76918331	0	NaN	NaN
1913	76938902	0	NaN	NaN
1914	76959468	0	NaN	NaN
1915	76980029	0	NaN	NaN
1916	77000586	0	NaN	NaN
1917	77021139	0	NaN	NaN
1918	77041687	0	NaN	NaN
1919	77062230	0	NaN	NaN
1920	77082769	0	NaN	NaN
1921	77103304	0	NaN	NaN
1922	77123835	0	4108484	6889584
1923	77144360	0	4108021	6890562
1924	77164882	0	4108481	6891539
1925	77185399	0	4108019	6892515
1926	77205912	0	4108478	6893491
1927	77226420	0	4108017	6894467
1928	77246923	0	4108475	6895443
1929	77267423	0	4108015	6896419
1930	77287918	0	4108471	6897395
1931	77308408	0	4108013	6888607
1932	77328895	0	4108468	6889577
1933	77349376	0	4108011	6890545
1934	77369854	0	4108465	6891514
1935	77390327	0	4108009	6892482
1936	77410795	0	4108462	6893449
1937	77431259	0	4108007	6894417
1938	77451719	0	4108459	6895384
1939	77472175	0	4108005	6896352
1940	77492626	0	4108456	6897319
1941	77513072	0	4108004	6888605
1942	77533515	0	4108453	6889566
1943	77553953	0	4108002	6890526
1944	77574386	0	4108450	6891486
1945	77594815	0	4108000	6892445
1946	77615240	0	4108448	6893405
1947	77635661	0	4107998	6894364
1948	77656077	0	4108445	6895323
1949	77676489	0	4107996	6896282
1950	77696896	0	4108442	6897242
1951	77717299	0	4107995	6888599
1952	77737698	0	4108439	6889551
1953	77758093	0	4107993	6890503
1954	77778483	0	4108436	6891454
1955	77798869	0	4107991	6892405
1956	77819250	0	4108434	6893356
1957	77839627	0	4107990	6894308
1958	77860000	0	4108431	6895259
1959	77880369	0	4107988	6896210
1960	77900733	0	4108428	6897162
1961	77921093	0	4107986	6888589
1962	77941449	0	4108425	6889532
1963	77961800	0	4107985	6890475
1964	77982147	0	4108423	6891419
1965	78002490	0	4107983	6892362
1966	78022828	0	4108420	6893305
1967	78043162	0	4107982	6894248
1968	78063492	0	4108418	6895192
1969	78083818	0	4107980	6896136
1970	78104139	0	4108415	6897080
1971	78124456	0	4107979	6888573
1972	78144769	0	4108413	6889509
1973	78165077	0	4107978	6890444
1974	78185381	0	4108410	6891379
1975	78205681	0	4107976	6892314
1976	78225977	0	4108408	6893249
1977	78246268	0	4107975	6894185
1978	78266556	0	4108406	6895121
1979	78286839	0	4107974	6896058
1980	78307117	0	4108403	6896995
1981	78327392	0	4107973	6888553
1982	78347662	0	4108401	6889480
1983	78367928	0	4107971	6890407
1984	78388190	0	4108399	6891334
1985	78408447	0	4107970	6892262
1986	78428700	0	4108396	6893190
1987	78448949	0	4107969	6894118
1988	78469194	0	4108394	6895047
1989	78489435	0	4107968	6895976
1990	78509671	0	4108392	6896906
1991	78529903	0	4107967	6888526
1992	78550131	0	4108390	6889445
1993	78570355	0	4107966	6890364
1994	78590574	0	4108388	6891284
1995	78610790	0	4107965	6892204
1996	78631001	0	4108386	6893124
1997	78651208	0	4107964	6894045
1998	78671410	0	4108384	6894967
1999	78691609	0	4107963	6895889
2000	78711803	0	4108382	6896813
2001	78731993	0	4107962	6888492
2002	78752179	0	4108380	6889403
2003	78772361	0	4107961	6890314
2004	78792539	0	4108378	6891226
2005	78812712	0	4107960	6892139
2006	78832882	0	4108376	6893053
2007	78853047	0	4107960	6893967
2008	78873208	0	4108374	6894882
2009	78893364	0	4107959	6895797
2010	78913517	0	4108373	6896714
2011	78933666	0	4107958	6888449
2012	78953810	0	4108371	6889352
2013	78973950	0	4107957	6890256
2014	78994086	0	4108369	6891161
2015	79014218	0	4107957	6892066
2016	79034346	0	4108368	6892973
2017	79054469	0	4107956	6893880
2018	79074589	0	4108366	6894789
2019	79094704	0	4107956	6895698
2020	79114815	0	4108364	6896609
2021	79134922	0	4107955	6888396
2022	79155025	0	4108363	6889292
2023	79175124	0	4107955	6890188
2024	79195219	0	4108361	6891085
2025	79215310	0	4107954	6891984
2026	79235396	0	4108360	6892883
2027	79255478	0	4107954	6893784
2028	79275557	0	4108358	6894686
2029	79295631	0	4107953	6895590
2030	79315701	0	4108357	6896495
2031	79335767	0	4107953	6888331
2032	79355829	0	4108356	6889218
2033	79375887	0	4107953	6890107
2034	79395940	0	4108354	6890997
2035	79415990	0	4107952	6891888
2036	79436036	0	4108353	6892781
2037	79456077	0	4107952	6893675
2038	79476114	0	4108352	6894571
2039	79496148	0	4107952	6895469
2040	79516177	0	4108351	6896368
2041	79536202	0	4107952	6888251
2042	79556223	0	4108350	6889130
2043	79576240	0	4107952	6890010
2044	79596253	0	4108349	6890892
2045	79616262	0	4107951	6891776
2046	79636267	0	4108348	6892662
2047	79656268	0	4107951	6893550
2048	79676265	0	4108346	6894439
2049	79696257	0	4107951	6895331
2050	79716246	0	4108345	6896225
2051	79736231	0	4107951	6888152
2052	79756211	0	4108345	6889022
2053	79776188	0	4107951	6889894
2054	79796161	0	4108344	6890768
2055	79816129	0	4107951	6891644
2056	79836094	0	4108343	6892522
2057	79856054	0	4107951	6893403
2058	79876010	0	4108342	6894286
2059	79895963	0	4107951	6895172
2060	79915911	0	4108341	6896060
2061	79935856	0	4107951	6888031
2062	79955796	0	4108340	6888891
2063	79975732	0	4107951	6889753
2064	79995665	0	4108339	6890618
2065	80015593	0	4107951	6891485
2066	80035518	0	4108339	6892355
2067	80055438	0	4107951	6893228
2068	80075354	0	4108338	6894103
2069	80095267	0	4107951	6894983
2070	80115175	0	4108337	6895865
2071	80135080	0	4107952	6887884
2072	80154980	0	4108336	6888732
2073	80174876	0	4107952	6889583
2074	80194769	0	4108336	6890436
2075	80214657	0	4107952	6891293
2076	80234542	0	4108335	6892152
2077	80254423	0	4107952	6893016
2078	80274299	0	4108334	6893883
2079	80294172	0	4107952	6894755
2080	80314040	0	4108334	6895630
2081	80333905	0	4107952	6887704
2082	80353766	0	4108333	6888537
2083	80373623	0	4107952	6889374
2084	80393476	0	4108332	6890213
2085	80413325	0	4107952	6891057
2086	80433170	0	4108332	6891904
2087	80453011	0	4107952	6892756
2088	80472848	0	4108331	6893612
2089	80492681	0	4107952	6894474
2090	80512510	0	4108330	6895341
2091	80532335	0	4107952	6887484
2092	80552157	0	4108330	6888299
2093	80571974	0	4107952	6889117
2094	80591788	0	4108329	6889938
2095	80611597	0	4107951	6890764
2096	80631403	0	4108328	6891594
2097	80651205	0	4107951	6892430
2098	80671003	0	4108327	6893272
2099	80690796	0	4107951	6894119
2100	80710586	0	4108326	6894973
2101	80730373	0	4107950	6887216
2102	80750155	0	4108325	6888004
2103	80769933	0	4107950	6888796
2104	80789708	0	4108324	6889591
2105	80809478	0	4107949	6890391
2106	80829245	0	4108323	6891196
2107	80849007	0	4107948	6892006
2108	80868766	0	4108321	6892824
2109	80888521	0	4107947	6893649
2110	80908272	0	4108320	6894483
2111	80928020	0	4107946	6886894
2112	80947763	0	4108318	6887641
2113	80967502	0	4107945	6888389
2114	80987238	0	4108316	6889140
2115	81006970	0	4107943	6889894
2116	81026698	0	4108314	6890652
2117	81046422	0	4107941	6891414
2118	81066142	0	4108312	6892183
2119	81085858	0	4107939	6892959
2120	81105570	0	4108309	6893743
2121	81125279	0	4107936	6886589
2122	81144984	0	4108306	6887273
2123	81164684	0	4107934	6887951
2124	81184382	0	4108303	6888623
2125	81204075	0	4107931	6889290
2126	81223764	0	4108300	6889949
2127	81243450	0	4107927	6890602
2128	81263131	0	4108296	6891247
2129	81282809	0	4107924	6891885
2130	81302483	0	4108292	6892514
2131	81322153	0	4107920	6886933
2132	81341820	0	4108288	6887639
2133	81361482	0	4107917	6888343
2134	81381141	0	4108284	6889044
2135	81400796	0	4107914	6889743
2136	81420447	0	4108280	6890438
2137	81440094	0	4107913	6891129
2138	81459737	0	4108278	6891816
2139	81479377	0	4107915	6892496
2140	81499013	0	4108279	6893168
2141	81518645	0	4107926	6887206
2142	81538273	0	4108289	6887983
2143	81557898	0	4107994	6888781
