# panacus histgrowth ecoli2146.pan.explode.0.og.crush.og.2013.gfa -c bp -q 0,1,0.5,0.1 -t 28
panacus	growth	growth	growth	growth
count	bp	bp	bp	bp
coverage	1	1	1	1
quorum	0	1	0.5	0.1
0	NaN	NaN	NaN	NaN
1	4822592	4822592	4822592	4822592
2	5791912	3853271	5791912	5791912
3	6473623	3565661	4428491	6473623
4	7019132	3414253	4837095	7019132
5	7481128	3315532	4336011	7481128
6	7885979	3243128	4599712	7885979
7	8248989	3185973	4293670	8248989
8	8579867	3138593	4489428	8579867
9	8885176	3097961	4269295	8885176
10	9169578	3062256	4425730	9169578
11	9436515	3030310	4253363	6500212
12	9688609	3001325	4384144	6663471
13	9927915	2974735	4242070	6816942
14	10156072	2950123	4354742	6961876
15	10374415	2927171	4233609	7099275
16	10584045	2905629	4332769	7229956
17	10785885	2885301	4227016	7354600
18	10980715	2866026	4315669	7473786
19	11169198	2847674	4221724	7588010
20	11351909	2830136	4301950	7697706
21	11529341	2813321	4217381	6695018
22	11701930	2797153	4290680	6785928
23	11870054	2781565	4213752	6873699
24	12034049	2766503	4281244	6958527
25	12194212	2751917	4210677	7040591
26	12350808	2737765	4273223	7120055
27	12504074	2724012	4208039	7197068
28	12654223	2710626	4266316	7271771
29	12801446	2697578	4205753	7344293
30	12945918	2684843	4260303	7414756
31	13087796	2672400	4203756	6775255
32	13227223	2660228	4255021	6838710
33	13364330	2648311	4201998	6900556
34	13499237	2636633	4250344	6960855
35	13632054	2625178	4200441	7019670
36	13762882	2613935	4246173	7077063
37	13891815	2602892	4199054	7133089
38	14018939	2592038	4242430	7187807
39	14144335	2581364	4197813	7241270
40	14268075	2570860	4239054	7293530
41	14390231	2560518	4196696	6820772
42	14510866	2550332	4235993	6869580
43	14630039	2540294	4195689	6917379
44	14747809	2530397	4233205	6964200
45	14864227	2520636	4194776	7010073
46	14979343	2511006	4230658	7055027
47	15093203	2501501	4193947	7099094
48	15205852	2492116	4228320	7142302
49	15317331	2482848	4193191	7184682
50	15427678	2473691	4226169	7226261
51	15536930	2464642	4192501	6850834
52	15645123	2455697	4224184	6890477
53	15752289	2446853	4191870	6929415
54	15858460	2438107	4222346	6967666
55	15963666	2429455	4191290	7005247
56	16067934	2420894	4220641	7042177
57	16171291	2412423	4190758	7078475
58	16273764	2404037	4219056	7114159
59	16375376	2395736	4190268	7149247
60	16476152	2387515	4217578	7183758
61	16576112	2379374	4189816	6872537
62	16675279	2371310	4216198	6905885
63	16773673	2363321	4189399	6938705
64	16871313	2355404	4214907	6971011
65	16968217	2347560	4189013	7002813
66	17064404	2339784	4213697	7034124
67	17159891	2332076	4188656	7064958
68	17254695	2324435	4212562	7095326
69	17348830	2316858	4188326	7125242
70	17442313	2309345	4211495	7154717
71	17535157	2301893	4188019	6889133
72	17627378	2294501	4210491	6917884
73	17718987	2287169	4187735	6946222
74	17810000	2279894	4209544	6974157
75	17900427	2272676	4187471	7001697
76	17990282	2265514	4208651	7028851
77	18079575	2258406	4187225	7055629
78	18168318	2251351	4207807	7082039
79	18256523	2244348	4186997	7108092
80	18344199	2237397	4207009	7133797
81	18431357	2230496	4186785	6902337
82	18518007	2223644	4206253	6927582
83	18604157	2216841	4186587	6952495
84	18689818	2210085	4205537	6977080
85	18774999	2203376	4186403	7001347
86	18859707	2196713	4204858	7025301
87	18943952	2190094	4186232	7048949
88	19027741	2183521	4204213	7072299
89	19111083	2176990	4186072	7095358
90	19193985	2170503	4203601	7118134
91	19276455	2164057	4185924	6913147
92	19358499	2157654	4203018	6935632
93	19440125	2151291	4185785	6957841
94	19521339	2144968	4202463	6979780
95	19602149	2138685	4185656	7001455
96	19682561	2132440	4201935	7022870
97	19762580	2126234	4185536	7044032
98	19842214	2120066	4201432	7064947
99	19921467	2113935	4185424	7085619
100	20000346	2107841	4200952	7106054
101	20078857	2101783	4185319	6922190
102	20157004	2095761	4200493	6942446
103	20234794	2089773	4185222	6962470
104	20312231	2083821	4200056	6982266
105	20389321	2077902	4185132	7001839
106	20466068	2072018	4199638	7021193
107	20542478	2066166	4185047	7040334
108	20618554	2060348	4199238	7059264
109	20694302	2054562	4184969	7077990
110	20769727	2048808	4198856	7096516
111	20844832	2043085	4184896	6929883
112	20919621	2037394	4198490	6948303
113	20994100	2031733	4184828	6966524
114	21068271	2026103	4198139	6984551
115	21142140	2020503	4184765	7002387
116	21215710	2014933	4197803	7020036
117	21288985	2009392	4184706	7037501
118	21361968	2003880	4197482	7054787
119	21434663	1998396	4184652	7071897
120	21507074	1992941	4197173	7088835
121	21579204	1987514	4184602	6936515
122	21651058	1982115	4196877	6953398
123	21722637	1976742	4184555	6970109
124	21793945	1971397	4196593	6986652
125	21864987	1966079	4184512	7003029
126	21935763	1960787	4196320	7019245
127	22006279	1955521	4184472	7035301
128	22076537	1950281	4196057	7051202
129	22146539	1945067	4184436	7066949
130	22216289	1939878	4195805	7082547
131	22285790	1934714	4184402	6942298
132	22355044	1929575	4195563	6957875
133	22424055	1924460	4184371	6973303
134	22492824	1919370	4195330	6988584
135	22561354	1914303	4184342	7003721
136	22629649	1909261	4195106	7018715
137	22697710	1904242	4184316	7033571
138	22765540	1899246	4194890	7048290
139	22833142	1894274	4184293	7062875
140	22900518	1889324	4194682	7077328
141	22967670	1884397	4184271	6947385
142	23034601	1879492	4194482	6961842
143	23101313	1874610	4184251	6976168
144	23167808	1869750	4194289	6990363
145	23234088	1864911	4184234	7004432
146	23300156	1860094	4194103	7018375
147	23366013	1855299	4184218	7032196
148	23431663	1850524	4193923	7045896
149	23497106	1845771	4184203	7059477
150	23562344	1841038	4193751	7072942
151	23627381	1836327	4184191	6951898
152	23692218	1831635	4193584	6965383
153	23756856	1826964	4184179	6978751
154	23821297	1822313	4193423	6992004
155	23885544	1817682	4184170	7005145
156	23949599	1813070	4193267	7018174
157	24013462	1808479	4184161	7031094
158	24077136	1803906	4193117	7043906
159	24140623	1799353	4184154	7056612
160	24203924	1794819	4192972	7069215
161	24267042	1790304	4184148	6955928
162	24329976	1785808	4192832	6968562
163	24392731	1781330	4184143	6981093
164	24455306	1776870	4192696	6993520
165	24517703	1772429	4184139	7005847
166	24579925	1768007	4192565	7018074
167	24641972	1763602	4184136	7030203
168	24703846	1759215	4192438	7042236
169	24765549	1754846	4184133	7054174
170	24827082	1750494	4192316	7066019
171	24888447	1746160	4184132	6959549
172	24949644	1741843	4192197	6971434
173	25010676	1737543	4184132	6983224
174	25071544	1733261	4192082	6994923
175	25132249	1728995	4184132	7006531
176	25192793	1724746	4191971	7018049
177	25253176	1720514	4184133	7029479
178	25313400	1716298	4191863	7040823
179	25373467	1712099	4184134	7052081
180	25433378	1707916	4191759	7063254
181	25493134	1703749	4184137	6962821
182	25552736	1699598	4191658	6974039
183	25612185	1695463	4184139	6985173
184	25671484	1691344	4191560	6996224
185	25730632	1687241	4184143	7007192
186	25789631	1683153	4191465	7018080
187	25848482	1679081	4184147	7028888
188	25907187	1675024	4191373	7039617
189	25965746	1670982	4184151	7050269
190	26024161	1666956	4191283	7060844
191	26082433	1662944	4184156	6965791
192	26140563	1658948	4191196	6976414
193	26198551	1654966	4184161	6986961
194	26256399	1650999	4191112	6997432
195	26314109	1647047	4184166	7007828
196	26371681	1643109	4191031	7018152
197	26429115	1639186	4184172	7028402
198	26486414	1635277	4190951	7038581
199	26543578	1631382	4184178	7048689
200	26600608	1627502	4190874	7058728
201	26657505	1623635	4184185	6968500
202	26714270	1619783	4190799	6978588
203	26770904	1615944	4184191	6988607
204	26827408	1612119	4190727	6998556
205	26883783	1608308	4184198	7008438
206	26940029	1604510	4190656	7018253
207	26996149	1600726	4184206	7028002
208	27052141	1596955	4190587	7037685
209	27108009	1593198	4184213	7047304
210	27163751	1589454	4190521	7056859
211	27219370	1585723	4184221	6970980
212	27274866	1582005	4190456	6980585
213	27330240	1578300	4184229	6990127
214	27385492	1574608	4190392	6999605
215	27440624	1570929	4184237	7009022
216	27495637	1567262	4190331	7018377
217	27550530	1563609	4184245	7027671
218	27605306	1559968	4190271	7036906
219	27659964	1556339	4184253	7046081
220	27714506	1552723	4190213	7055197
221	27768932	1549119	4184262	6973259
222	27823244	1545528	4190156	6982426
223	27877441	1541949	4184270	6991534
224	27931525	1538382	4190101	7000585
225	27985496	1534827	4184279	7009579
226	28039355	1531284	4190047	7018516
227	28093103	1527753	4184288	7027398
228	28146740	1524233	4189995	7036224
229	28200268	1520726	4184297	7044996
230	28253687	1517230	4189943	7053713
231	28306997	1513746	4184306	6975360
232	28360199	1510274	4189894	6984128
233	28413295	1506813	4184315	6992842
234	28466284	1503364	4189845	7001503
235	28519167	1499925	4184324	7010111
236	28571946	1496499	4189798	7018667
237	28624619	1493083	4184333	7027172
238	28677190	1489679	4189752	7035625
239	28729657	1486286	4184342	7044028
240	28782021	1482904	4189706	7052381
241	28834284	1479533	4184351	6977304
242	28886446	1476173	4189663	6985707
243	28938507	1472823	4184360	6994060
244	28990467	1469485	4189620	7002363
245	29042329	1466157	4184369	7010618
246	29094092	1462840	4189578	7018825
247	29145756	1459534	4184379	7026984
248	29197323	1456238	4189537	7035096
249	29248792	1452953	4184388	7043161
250	29300166	1449678	4189497	7051179
251	29351443	1446414	4184397	6979108
252	29402625	1443160	4189458	6987175
253	29453712	1439917	4184406	6995196
254	29504705	1436683	4189420	7003172
255	29555604	1433460	4184415	7011103
256	29606410	1430247	4189383	7018988
257	29657123	1427044	4184424	7026830
258	29707744	1423851	4189346	7034627
259	29758273	1420668	4184433	7042381
260	29808712	1417495	4189311	7050092
261	29859060	1414332	4184443	6980786
262	29909318	1411179	4189276	6988545
263	29959486	1408035	4184452	6996260
264	30009565	1404901	4189242	7003933
265	30059556	1401777	4184461	7011565
266	30109458	1398663	4189208	7019154
267	30159273	1395558	4184470	7026702
268	30209001	1392462	4189176	7034210
269	30258642	1389376	4184479	7041676
270	30308197	1386300	4189144	7049103
271	30357667	1383233	4184487	6982352
272	30407051	1380175	4189113	6989825
273	30456351	1377126	4184496	6997258
274	30505566	1374087	4189082	7004651
275	30554697	1371057	4184505	7012006
276	30603745	1368036	4189053	7019321
277	30652710	1365024	4184514	7026598
278	30701593	1362021	4189023	7033837
279	30750393	1359027	4184523	7041038
280	30799112	1356043	4188995	7048201
281	30847749	1353067	4184531	6983816
282	30896306	1350100	4188967	6991024
283	30944783	1347142	4184540	6998195
284	30993179	1344192	4188939	7005329
285	31041496	1341252	4184548	7012427
286	31089734	1338320	4188912	7019488
287	31137893	1335396	4184557	7026514
288	31185974	1332482	4188886	7033503
289	31233977	1329576	4184565	7040457
290	31281902	1326678	4188860	7047375
291	31329750	1323789	4184573	6985188
292	31377522	1320909	4188834	6992150
293	31425217	1318036	4184582	6999078
294	31472836	1315173	4188810	7005971
295	31520380	1312317	4184590	7012830
296	31567849	1309470	4188785	7019655
297	31615242	1306631	4184598	7026446
298	31662562	1303801	4188761	7033203
299	31709807	1300978	4184606	7039927
300	31756978	1298164	4188738	7046618
301	31804076	1295358	4184614	6986477
302	31851102	1292560	4188715	6993210
303	31898054	1289770	4184622	6999911
304	31944934	1286988	4188692	7006579
305	31991743	1284214	4184630	7013215
306	32038479	1281447	4188670	7019820
307	32085145	1278689	4184638	7026392
308	32131740	1275939	4188648	7032933
309	32178264	1273196	4184646	7039442
310	32224718	1270461	4188627	7045920
311	32271102	1267734	4184653	6987689
312	32317416	1265015	4188606	6994209
313	32363661	1262303	4184661	7000698
314	32409838	1259599	4188585	7007156
315	32455946	1256903	4184669	7013584
316	32501985	1254214	4188565	7019982
317	32547957	1251532	4184676	7026351
318	32593861	1248859	4188545	7032689
319	32639698	1246192	4184683	7038998
320	32685468	1243533	4188525	7045277
321	32731171	1240882	4184691	6988833
322	32776808	1238238	4188506	6995152
323	32822378	1235601	4184698	7001443
324	32867883	1232972	4188487	7007705
325	32913323	1230349	4184705	7013938
326	32958697	1227734	4188468	7020143
327	33004007	1225127	4184712	7026319
328	33049252	1222526	4188450	7032468
329	33094433	1219933	4184719	7038588
330	33139550	1217347	4188432	7044681
331	33184603	1214767	4184726	6989914
332	33229592	1212195	4188415	6996045
333	33274519	1209630	4184733	7002149
334	33319383	1207072	4188397	7008227
335	33364184	1204521	4184740	7014277
336	33408923	1201977	4188380	7020300
337	33453600	1199440	4184747	7026297
338	33498215	1196910	4188363	7032268
339	33542769	1194386	4184754	7038211
340	33587261	1191869	4188347	7044129
341	33631693	1189360	4184760	6990936
342	33676064	1186856	4188330	6996891
343	33720375	1184360	4184767	7002820
344	33764625	1181871	4188314	7008724
345	33808816	1179388	4184774	7014602
346	33852947	1176911	4188299	7020455
347	33897018	1174442	4184780	7026283
348	33941031	1171979	4188283	7032085
349	33984984	1169522	4184787	7037863
350	34028879	1167072	4188268	7043615
351	34072716	1164629	4184793	6991905
352	34116495	1162192	4188253	6997694
353	34160216	1159761	4184799	7003458
354	34203879	1157337	4188238	7009199
355	34247484	1154920	4184805	7014915
356	34291033	1152509	4188223	7020607
357	34334525	1150104	4184812	7026275
358	34377960	1147705	4188209	7031919
359	34421339	1145313	4184818	7037540
360	34464661	1142927	4188195	7043137
361	34507928	1140548	4184824	6992825
362	34551139	1138174	4188181	6998457
363	34594294	1135807	4184830	7004066
364	34637394	1133446	4188167	7009652
365	34680439	1131091	4184836	7015215
366	34723429	1128743	4188153	7020756
367	34766365	1126400	4184842	7026273
368	34809246	1124064	4188140	7031768
369	34852073	1121733	4184847	7037240
370	34894846	1119409	4188127	7042690
371	34937566	1117090	4184853	6993699
372	34980232	1114778	4188114	6999183
373	35022845	1112472	4184859	7004645
374	35065404	1110171	4188101	7010086
375	35107911	1107877	4184865	7015504
376	35150365	1105588	4188089	7020901
377	35192767	1103305	4184870	7026276
378	35235116	1101028	4188076	7031630
379	35277414	1098757	4184876	7036962
380	35319660	1096492	4188064	7042272
381	35361854	1094233	4184881	6994532
382	35403996	1091979	4188052	6999876
383	35446088	1089731	4184887	7005199
384	35488128	1087489	4188040	7010501
385	35530118	1085252	4184892	7015782
386	35572057	1083021	4188028	7021043
387	35613945	1080796	4184897	7026284
388	35655784	1078577	4188016	7031503
389	35697572	1076363	4184903	7036702
390	35739310	1074154	4188005	7041881
391	35780999	1071952	4184908	6995325
392	35822639	1069754	4187994	7000536
393	35864229	1067563	4184913	7005727
394	35905770	1065376	4187983	7010899
395	35947262	1063196	4184918	7016050
396	35988705	1061020	4187972	7021182
397	36030100	1058851	4184923	7026295
398	36071447	1056686	4187961	7031387
399	36112745	1054527	4184928	7036460
400	36153995	1052374	4187950	7041514
401	36195198	1050225	4184933	6996083
402	36236353	1048083	4187939	7001167
403	36277461	1045945	4184938	7006233
404	36318521	1043813	4187929	7011280
405	36359534	1041686	4184943	7016309
406	36400500	1039564	4187919	7021318
407	36441420	1037448	4184948	7026309
408	36482293	1035336	4187909	7031281
409	36523119	1033230	4184953	7036234
410	36563900	1031130	4187898	7041168
411	36604634	1029034	4184958	6996806
412	36645322	1026943	4187889	7001771
413	36685965	1024858	4184962	7006718
414	36726562	1022778	4187879	7011647
415	36767114	1020703	4184967	7016558
416	36807620	1018633	4187869	7021451
417	36848081	1016567	4184972	7026326
418	36888498	1014507	4187860	7031183
419	36928869	1012453	4184976	7036022
420	36969197	1010403	4187850	7040843
421	37009479	1008358	4184981	6997498
422	37049718	1006318	4187841	7002349
423	37089912	1004283	4184986	7007182
424	37130062	1002252	4187832	7011999
425	37170169	1000227	4184990	7016798
426	37210232	998207	4187823	7021580
427	37250251	996192	4184994	7026345
428	37290227	994181	4187814	7031093
429	37330160	992175	4184999	7035823
430	37370050	990174	4187805	7040537
431	37409897	988178	4185003	6998161
432	37449701	986187	4187796	7002903
433	37489463	984201	4185008	7007628
434	37529182	982219	4187787	7012337
435	37568859	980242	4185012	7017030
436	37608493	978270	4187779	7021706
437	37648086	976302	4185016	7026366
438	37687637	974339	4187770	7031010
439	37727146	972381	4185021	7035636
440	37766614	970427	4187762	7040247
441	37806040	968479	4185025	6998796
442	37845425	966534	4187754	7003434
443	37884768	964595	4185029	7008057
444	37924071	962660	4187746	7012663
445	37963333	960729	4185033	7017254
446	38002554	958803	4187738	7021830
447	38041735	956882	4185037	7026389
448	38080875	954965	4187730	7030933
449	38119974	953053	4185041	7035461
450	38159034	951145	4187722	7039973
451	38198053	949242	4185045	6999405
452	38237033	947343	4187714	7003944
453	38275973	945449	4185049	7008468
454	38314873	943559	4187706	7012977
455	38353733	941673	4185053	7017471
456	38392555	939792	4187699	7021950
457	38431337	937916	4185057	7026413
458	38470079	936043	4187691	7030862
459	38508783	934175	4185061	7035295
460	38547448	932312	4187684	7039713
461	38586074	930453	4185065	6999990
462	38624662	928598	4187677	7004434
463	38663211	926747	4185069	7008864
464	38701722	924901	4187669	7013280
465	38740194	923059	4185073	7017680
466	38778628	921221	4187662	7022067
467	38817025	919388	4185077	7026439
468	38855383	917558	4187655	7030796
469	38893704	915733	4185081	7035139
470	38931987	913913	4187648	7039467
471	38970232	912096	4185084	7000552
472	39008440	910284	4187641	7004906
473	39046611	908475	4185088	7009245
474	39084745	906671	4187634	7013571
475	39122842	904871	4185092	7017883
476	39160901	903075	4187628	7022181
477	39198924	901284	4185096	7026465
478	39236911	899496	4187621	7030735
479	39274860	897713	4185099	7034991
480	39312773	895933	4187614	7039233
481	39350650	894158	4185103	7001093
482	39388491	892386	4187608	7005359
483	39426295	890619	4185107	7009613
484	39464064	888856	4187601	7013852
485	39501797	887096	4185110	7018079
486	39539493	885341	4187595	7022292
487	39577155	883590	4185114	7026492
488	39614780	881842	4187588	7030678
489	39652370	880099	4185117	7034851
490	39689925	878360	4187582	7039010
491	39727445	876624	4185121	7001613
492	39764929	874892	4187576	7005796
493	39802379	873165	4185124	7009966
494	39839794	871441	4187570	7014124
495	39877173	869721	4185128	7018269
496	39914518	868005	4187564	7022400
497	39951829	866293	4185131	7026519
498	39989105	864584	4187558	7030625
499	40026347	862880	4185135	7034718
500	40063554	861179	4187552	7038798
501	40100727	859482	4185138	7002114
502	40137866	857789	4187546	7006217
503	40174971	856100	4185142	7010308
504	40212043	854414	4187540	7014386
505	40249080	852733	4185145	7018452
506	40286084	851054	4187535	7022506
507	40323054	849380	4185149	7026547
508	40359991	847710	4187529	7030576
509	40396895	846043	4185152	7034592
510	40433765	844380	4187523	7038595
511	40470602	842720	4185155	7002597
512	40507406	841064	4187518	7006623
513	40544177	839412	4185159	7010637
514	40580915	837764	4187512	7014639
515	40617621	836119	4185162	7018630
516	40654293	834478	4187507	7022608
517	40690933	832840	4185165	7026575
518	40727541	831206	4187501	7030529
519	40764116	829576	4185169	7034472
520	40800659	827949	4187496	7038402
521	40837170	826326	4185172	7003062
522	40873649	824706	4187491	7007014
523	40910095	823090	4185175	7010955
524	40946510	821477	4187486	7014884
525	40982893	819868	4185178	7018802
526	41019244	818263	4187481	7022708
527	41055563	816661	4185182	7026603
528	41091851	815062	4187475	7030486
529	41128108	813467	4185185	7034357
530	41164333	811876	4187470	7038217
531	41200527	810287	4185188	7003511
532	41236689	808703	4187465	7007392
533	41272821	807122	4185191	7011262
534	41308921	805544	4187460	7015121
535	41344991	803970	4185194	7018969
536	41381029	802399	4187456	7022805
537	41417037	800831	4185198	7026631
538	41453014	799267	4187451	7030445
539	41488961	797706	4185201	7034248
540	41524877	796149	4187446	7038040
541	41560763	794595	4185204	7003944
542	41596618	793044	4187441	7007757
543	41632443	791497	4185207	7011559
544	41668238	789953	4187437	7015350
545	41704003	788413	4185210	7019130
546	41739738	786875	4187432	7022900
547	41775443	785341	4185213	7026658
548	41811118	783811	4187427	7030406
549	41846764	782283	4185216	7034143
550	41882379	780759	4187423	7037870
551	41917966	779238	4185219	7004363
552	41953522	777720	4187418	7008109
553	41989050	776206	4185222	7011845
554	42024547	774695	4187414	7015571
555	42060016	773187	4185225	7019286
556	42095456	771682	4187410	7022991
557	42130866	770181	4185229	7026686
558	42166247	768682	4187405	7030370
559	42201600	767187	4185232	7034043
560	42236923	765695	4187401	7037707
561	42272218	764207	4185235	7004767
562	42307484	762721	4187397	7008450
563	42342722	761239	4185238	7012123
564	42377930	759759	4187393	7015785
565	42413111	758283	4185241	7019438
566	42448263	756810	4187388	7023080
567	42483387	755340	4185244	7026713
568	42518482	753873	4187384	7030335
569	42553549	752409	4185247	7033947
570	42588588	750949	4187380	7037550
571	42623600	749491	4185249	7005158
572	42658583	748037	4187376	7008779
573	42693538	746585	4185252	7012391
574	42728466	745137	4187372	7015992
575	42763365	743691	4185255	7019584
576	42798237	742249	4187368	7023167
577	42833082	740810	4185258	7026739
578	42867899	739373	4187364	7030302
579	42902689	737940	4185261	7033855
580	42937451	736510	4187361	7037398
581	42972186	735082	4185264	7005536
582	43006894	733658	4187357	7009098
583	43041574	732237	4185267	7012650
584	43076228	730818	4187353	7016193
585	43110854	729403	4185270	7019726
586	43145454	727990	4187349	7023250
587	43180026	726581	4185273	7026765
588	43214572	725174	4187346	7030270
589	43249091	723771	4185276	7033766
590	43283584	722370	4187342	7037253
591	43318050	720972	4185279	7005902
592	43352489	719577	4187338	7009406
593	43386902	718185	4185281	7012901
594	43421289	716796	4187335	7016387
595	43455649	715409	4185284	7019864
596	43489983	714026	4187331	7023332
597	43524291	712645	4185287	7026790
598	43558572	711267	4187328	7030240
599	43592828	709892	4185290	7033681
600	43627057	708520	4187324	7037112
601	43661261	707151	4185293	7006256
602	43695439	705785	4187321	7009704
603	43729591	704421	4185296	7013144
604	43763717	703060	4187317	7016575
605	43797818	701702	4185298	7019997
606	43831893	700347	4187314	7023410
607	43865942	698994	4185301	7026815
608	43899966	697645	4187311	7030211
609	43933965	696298	4185304	7033598
610	43967938	694954	4187307	7036976
611	44001886	693612	4185307	7006598
612	44035809	692273	4187304	7009993
613	44069707	690937	4185309	7013379
614	44103579	689604	4187301	7016757
615	44137427	688274	4185312	7020126
616	44171249	686946	4187298	7023487
617	44205047	685621	4185315	7026839
618	44238820	684298	4187294	7030183
619	44272568	682978	4185318	7033518
620	44306291	681661	4187291	7036844
621	44339990	680347	4185320	7006930
622	44373664	679035	4187288	7010272
623	44407313	677726	4185323	7013607
624	44440938	676420	4187285	7016933
625	44474539	675116	4185326	7020251
626	44508115	673815	4187282	7023561
627	44541667	672516	4185329	7026862
628	44575194	671220	4187279	7030155
629	44608698	669927	4185331	7033440
630	44642177	668637	4187276	7036717
631	44675633	667348	4185334	7007251
632	44709064	666063	4187273	7010543
633	44742471	664780	4185337	7013827
634	44775855	663500	4187270	7017103
635	44809214	662222	4185340	7020372
636	44842550	660947	4187267	7023632
637	44875862	659674	4185342	7026884
638	44909150	658404	4187265	7030128
639	44942415	657137	4185345	7033365
640	44975657	655872	4187262	7036593
641	45008874	654609	4185348	7007562
642	45042069	653349	4187259	7010805
643	45075239	652092	4185350	7014041
644	45108387	650837	4187256	7017268
645	45141511	649585	4185353	7020489
646	45174612	648335	4187254	7023701
647	45207690	647087	4185356	7026905
648	45240745	645842	4187251	7030102
649	45273777	644600	4185358	7033291
650	45306786	643360	4187248	7036472
651	45339771	642122	4185361	7007864
652	45372734	640887	4187246	7011059
653	45405674	639655	4185364	7014248
654	45438592	638425	4187243	7017428
655	45471486	637197	4185366	7020602
656	45504358	635972	4187240	7023767
657	45537207	634749	4185369	7026926
658	45570034	633528	4187238	7030076
659	45602838	632310	4185371	7033220
660	45635619	631095	4187235	7036355
661	45668379	629881	4185374	7008156
662	45701116	628671	4187233	7011305
663	45733830	627462	4185377	7014448
664	45766522	626256	4187230	7017583
665	45799192	625052	4185379	7020711
666	45831840	623851	4187228	7023832
667	45864466	622652	4185382	7026945
668	45897070	621456	4187225	7030051
669	45929651	620261	4185384	7033150
670	45962211	619069	4187223	7036241
671	45994749	617880	4185387	7008439
672	46027265	616693	4187221	7011544
673	46059759	615508	4185390	7014642
674	46092231	614325	4187218	7017733
675	46124682	613145	4185392	7020817
676	46157111	611967	4187216	7023893
677	46189518	610791	4185395	7026963
678	46221904	609618	4187214	7030026
679	46254268	608447	4185397	7033081
680	46286611	607278	4187211	7036130
681	46318932	606111	4185400	7008714
682	46351232	604947	4187209	7011775
683	46383511	603785	4185402	7014830
684	46415768	602626	4187207	7017878
685	46448004	601468	4185405	7020919
686	46480219	600313	4187205	7023953
687	46512413	599160	4185408	7026980
688	46544585	598009	4187202	7030001
689	46576737	596861	4185410	7033015
690	46608868	595714	4187200	7036021
691	46640977	594570	4185413	7008980
692	46673066	593428	4187198	7011999
693	46705134	592289	4185415	7015012
694	46737181	591151	4187196	7018018
695	46769207	590016	4185418	7021017
696	46801213	588883	4187194	7024010
697	46833198	587752	4185420	7026996
698	46865162	586624	4187192	7029976
699	46897106	585497	4185423	7032949
700	46929029	584373	4187190	7035915
701	46960932	583251	4185425	7009238
702	46992814	582131	4187188	7012216
703	47024676	581013	4185428	7015188
704	47056517	579897	4187186	7018153
705	47088338	578784	4185430	7021112
706	47120139	577672	4187184	7024065
707	47151920	576563	4185433	7027011
708	47183680	575456	4187182	7029951
709	47215421	574351	4185435	7032884
710	47247141	573248	4187180	7035811
711	47278841	572147	4185438	7009488
712	47310521	571048	4187178	7012426
713	47342181	569952	4185440	7015358
714	47373821	568857	4187176	7018284
715	47405442	567765	4185443	7021204
716	47437042	566674	4187174	7024118
717	47468623	565586	4185445	7027025
718	47500183	564500	4187172	7029926
719	47531725	563416	4185447	7032821
720	47563246	562334	4187170	7035709
721	47594748	561254	4185450	7009731
722	47626230	560176	4187168	7012630
723	47657693	559100	4185452	7015524
724	47689136	558026	4187167	7018411
725	47720560	556954	4185455	7021293
726	47751964	555885	4187165	7024168
727	47783349	554817	4185457	7027037
728	47814715	553751	4187163	7029901
729	47846061	552688	4185460	7032758
730	47877388	551626	4187161	7035609
731	47908696	550566	4185462	7009966
732	47939984	549509	4187159	7012828
733	47971254	548453	4185464	7015684
734	48002504	547399	4187158	7018534
735	48033735	546347	4185467	7021378
736	48064947	545298	4187156	7024216
737	48096141	544250	4185469	7027049
738	48127315	543204	4187154	7029875
739	48158470	542161	4185472	7032696
740	48189607	541119	4187153	7035511
741	48220724	540079	4185474	7010194
742	48251823	539041	4187151	7013019
743	48282903	538005	4185476	7015839
744	48313965	536971	4187149	7018652
745	48345008	535939	4185479	7021460
746	48376032	534909	4187148	7024262
747	48407037	533881	4185481	7027059
748	48438024	532854	4187146	7029850
749	48468992	531830	4185484	7032635
750	48499942	530808	4187144	7035414
751	48530874	529787	4185486	7010416
752	48561787	528769	4187143	7013205
753	48592682	527752	4185488	7015988
754	48623558	526737	4187141	7018767
755	48654416	525724	4185491	7021539
756	48685256	524713	4187140	7024306
757	48716077	523704	4185493	7027068
758	48746881	522697	4187138	7029824
759	48777666	521692	4185495	7032574
760	48808433	520688	4187137	7035319
761	48839182	519686	4185498	7010631
762	48869913	518687	4187135	7013385
763	48900626	517689	4185500	7016133
764	48931321	516693	4187134	7018877
765	48961998	515699	4185502	7021615
766	48992657	514706	4187132	7024348
767	49023299	513716	4185505	7027075
768	49053922	512727	4187131	7029797
769	49084528	511740	4185507	7032514
770	49115116	510755	4187129	7035225
771	49145686	509772	4185509	7010839
772	49176238	508791	4187128	7013559
773	49206773	507811	4185512	7016274
774	49237291	506833	4187126	7018983
775	49267790	505858	4185514	7021688
776	49298272	504883	4187125	7024387
777	49328737	503911	4185516	7027081
778	49359184	502941	4187124	7029770
779	49389614	501972	4185518	7032454
780	49420026	501005	4187122	7035132
781	49450421	500040	4185521	7011041
782	49480799	499076	4187121	7013728
783	49511159	498115	4185523	7016409
784	49541502	497155	4187119	7019086
785	49571828	496197	4185525	7021758
786	49602136	495240	4187118	7024425
787	49632428	494286	4185527	7027086
788	49662702	493333	4187117	7029743
789	49692959	492382	4185530	7032394
790	49723199	491433	4187115	7035041
791	49753422	490485	4185532	7011237
792	49783628	489539	4187114	7013891
793	49813817	488595	4185534	7016541
794	49843989	487653	4187113	7019185
795	49874144	486712	4185536	7021825
796	49904282	485773	4187111	7024460
797	49934404	484836	4185539	7027090
798	49964509	483901	4187110	7029715
799	49994596	482967	4185541	7032335
800	50024668	482035	4187109	7034950
801	50054722	481104	4185543	7011427
802	50084760	480176	4187108	7014049
803	50114781	479249	4185545	7016667
804	50144785	478323	4187106	7019281
805	50174773	477400	4185547	7021889
806	50204744	476478	4187105	7024493
807	50234699	475557	4185550	7027092
808	50264637	474639	4187104	7029687
809	50294559	473722	4185552	7032276
810	50324465	472807	4187103	7034861
811	50354353	471893	4185554	7011611
812	50384226	470981	4187102	7014203
813	50414082	470071	4185556	7016790
814	50443922	469162	4187100	7019373
815	50473746	468255	4185558	7021951
816	50503553	467350	4187099	7024524
817	50533345	466446	4185561	7027093
818	50563120	465544	4187098	7029658
819	50592879	464644	4185563	7032217
820	50622621	463745	4187097	7034772
821	50652348	462848	4185565	7011789
822	50682059	461952	4187096	7014351
823	50711753	461058	4185567	7016908
824	50741432	460166	4187095	7019461
825	50771094	459275	4185569	7022010
826	50800741	458386	4187093	7024554
827	50830372	457499	4185571	7027093
828	50859986	456613	4187092	7029628
829	50889585	455729	4185573	7032158
830	50919168	454846	4187091	7034684
831	50948736	453965	4185575	7011962
832	50978287	453085	4187090	7014494
833	51007823	452207	4185578	7017022
834	51037343	451331	4187089	7019546
835	51066848	450456	4185580	7022066
836	51096336	449583	4187088	7024581
837	51125809	448711	4185582	7027091
838	51155267	447841	4187087	7029598
839	51184709	446972	4185584	7032099
840	51214135	446105	4187086	7034597
841	51243546	445240	4185586	7012130
842	51272942	444376	4187085	7014633
843	51302322	443514	4185588	7017133
844	51331686	442653	4187084	7019628
845	51361035	441794	4185590	7022119
846	51390369	440936	4187082	7024606
847	51419687	440080	4185592	7027088
848	51448991	439225	4187081	7029567
849	51478278	438372	4185594	7032041
850	51507551	437521	4187080	7034510
851	51536808	436670	4185596	7012292
852	51566050	435822	4187079	7014768
853	51595277	434975	4185598	7017239
854	51624489	434129	4187078	7019706
855	51653686	433285	4185600	7022170
856	51682867	432443	4187077	7024629
857	51712034	431602	4185602	7027084
858	51741185	430762	4187076	7029535
859	51770321	429924	4185604	7031982
860	51799443	429088	4187075	7034424
861	51828549	428252	4185606	7012449
862	51857641	427419	4187074	7014897
863	51886717	426587	4185608	7017341
864	51915779	425756	4187073	7019781
865	51944826	424927	4185610	7022218
866	51973858	424099	4187072	7024650
867	52002875	423273	4185612	7027078
868	52031877	422448	4187071	7029502
869	52060865	421625	4185614	7031922
870	52089838	420803	4187070	7034338
871	52118796	419983	4185616	7012602
872	52147740	419164	4187069	7015023
873	52176669	418346	4185618	7017440
874	52205583	417530	4187068	7019854
875	52234483	416716	4185620	7022263
876	52263368	415903	4187067	7024669
877	52292238	415091	4185622	7027071
878	52321094	414281	4187067	7029469
879	52349936	413472	4185624	7031863
880	52378763	412664	4187066	7034253
881	52407576	411858	4185626	7012749
882	52436374	411054	4187065	7015144
883	52465158	410250	4185628	7017535
884	52493927	409449	4187064	7019923
885	52522682	408648	4185630	7022306
886	52551423	407849	4187063	7024686
887	52580149	407052	4185632	7027062
888	52608861	406256	4187062	7029435
889	52637559	405461	4185634	7031803
890	52666243	404668	4187061	7034168
891	52694913	403876	4185636	7012892
892	52723568	403085	4187060	7015261
893	52752209	402296	4185637	7017627
894	52780836	401508	4187059	7019988
895	52809449	400722	4185639	7022347
896	52838048	399937	4187058	7024701
897	52866633	399153	4185641	7027052
898	52895203	398371	4187057	7029400
899	52923760	397590	4185643	7031743
900	52952303	396810	4187056	7034083
901	52980832	396032	4185645	7013030
902	53009347	395255	4187055	7015374
903	53037848	394480	4185647	7017715
904	53066335	393706	4187055	7020051
905	53094808	392933	4185649	7022385
906	53123267	392161	4187054	7024715
907	53151713	391391	4185650	7027041
908	53180145	390623	4187053	7029364
909	53208563	389855	4185652	7031683
910	53236967	389089	4187052	7033999
911	53265357	388325	4185654	7013164
912	53293734	387561	4187051	7015483
913	53322097	386799	4185656	7017799
914	53350447	386038	4187050	7020111
915	53378783	385279	4185658	7022420
916	53407105	384521	4187049	7024726
917	53435413	383764	4185659	7027028
918	53463708	383009	4187048	7029327
919	53491990	382255	4185661	7031623
920	53520258	381502	4187048	7033915
921	53548512	380750	4185663	7013293
922	53576753	380000	4187047	7015588
923	53604981	379251	4185665	7017880
924	53633195	378504	4187046	7020169
925	53661396	377757	4185667	7022454
926	53689583	377012	4187045	7024736
927	53717757	376268	4185668	7027014
928	53745918	375526	4187044	7029290
929	53774065	374785	4185670	7031562
930	53802199	374045	4187043	7033830
931	53830320	373306	4185672	7013418
932	53858427	372569	4187042	7015690
933	53886521	371833	4185673	7017958
934	53914602	371098	4187042	7020223
935	53942670	370365	4185675	7022485
936	53970725	369633	4187041	7024743
937	53998766	368902	4185677	7026999
938	54026795	368172	4187040	7029251
939	54054810	367443	4185679	7031500
940	54082812	366716	4187039	7033746
941	54110801	365990	4185680	7013539
942	54138778	365266	4187038	7015787
943	54166741	364542	4185682	7018032
944	54194691	363820	4187037	7020274
945	54222628	363099	4185684	7022513
946	54250552	362379	4187037	7024749
947	54278463	361661	4185685	7026982
948	54306361	360944	4187036	7029212
949	54334247	360228	4185687	7031439
950	54362119	359513	4187035	7033662
951	54389979	358799	4185689	7013656
952	54417826	358087	4187034	7015881
953	54445660	357376	4185690	7018104
954	54473481	356666	4187033	7020323
955	54501290	355957	4185692	7022540
956	54529085	355250	4187032	7024753
957	54556868	354544	4185693	7026964
958	54584638	353839	4187032	7029172
959	54612396	353135	4185695	7031376
960	54640141	352432	4187031	7033578
961	54667873	351731	4185697	7013768
962	54695593	351031	4187030	7015971
963	54723300	350332	4185698	7018172
964	54750994	349634	4187029	7020369
965	54778676	348937	4185700	7022564
966	54806345	348242	4187028	7024756
967	54834002	347548	4185701	7026945
968	54861646	346855	4187028	7029131
969	54889278	346163	4185703	7031314
970	54916898	345472	4187027	7033494
971	54944504	344783	4185705	7013877
972	54972099	344094	4187026	7016058
973	54999681	343407	4185706	7018237
974	55027250	342721	4187025	7020413
975	55054808	342036	4185708	7022586
976	55082353	341353	4187024	7024756
977	55109885	340670	4185709	7026924
978	55137405	339989	4187023	7029089
979	55164913	339309	4185711	7031251
980	55192409	338630	4187023	7033410
981	55219892	337952	4185712	7013982
982	55247364	337275	4187022	7016142
983	55274823	336600	4185714	7018299
984	55302269	335925	4187021	7020454
985	55329704	335252	4185715	7022606
986	55357126	334580	4187020	7024755
987	55384537	333909	4185717	7026902
988	55411935	333239	4187019	7029046
989	55439321	332571	4185718	7031187
990	55466695	331903	4187019	7033325
991	55494057	331237	4185720	7014083
992	55521406	330572	4187018	7016222
993	55548744	329907	4185721	7018358
994	55576070	329244	4187017	7020492
995	55603384	328583	4185723	7022623
996	55630685	327922	4187016	7024752
997	55657975	327262	4185724	7026878
998	55685253	326604	4187015	7029002
999	55712519	325946	4185725	7031123
1000	55739773	325290	4187014	7033241
1001	55767016	324635	4185727	7014180
1002	55794246	323981	4187014	7016298
1003	55821464	323328	4185728	7018414
1004	55848671	322676	4187013	7020528
1005	55875866	322025	4185730	7022639
1006	55903049	321375	4187012	7024748
1007	55930220	320727	4185731	7026854
1008	55957380	320079	4187011	7028957
1009	55984527	319433	4185732	7031058
1010	56011663	318788	4187010	7033156
1011	56038788	318143	4185734	7014274
1012	56065900	317500	4187010	7016372
1013	56093001	316858	4185735	7018468
1014	56120091	316217	4187009	7020561
1015	56147168	315577	4185736	7022653
1016	56174234	314939	4187008	7024741
1017	56201289	314301	4185738	7026827
1018	56228332	313664	4187007	7028911
1019	56255363	313029	4185739	7030993
1020	56282383	312394	4187006	7033072
1021	56309391	311761	4185740	7014364
1022	56336388	311128	4187005	7016442
1023	56363373	310497	4185742	7018518
1024	56390347	309867	4187005	7020592
1025	56417309	309238	4185743	7022664
1026	56444260	308610	4187004	7024733
1027	56471199	307982	4185744	7026800
1028	56498127	307356	4187003	7028865
1029	56525044	306732	4185746	7030927
1030	56551949	306108	4187002	7032987
1031	56578843	305485	4185747	7014450
1032	56605725	304863	4187001	7016509
1033	56632596	304242	4185748	7018566
1034	56659456	303622	4187000	7020621
1035	56686305	303004	4185749	7022673
1036	56713142	302386	4187000	7024724
1037	56739968	301769	4185751	7026771
1038	56766783	301154	4186999	7028817
1039	56793586	300539	4185752	7030860
1040	56820379	299926	4186998	7032901
1041	56847160	299313	4185753	7014534
1042	56873930	298702	4186997	7016574
1043	56900688	298091	4185754	7018612
1044	56927436	297482	4186996	7020647
1045	56954172	296873	4185756	7022681
1046	56980898	296266	4186995	7024712
1047	57007612	295660	4185757	7026741
1048	57034315	295054	4186994	7028769
1049	57061008	294450	4185758	7030793
1050	57087689	293847	4186994	7032816
1051	57114359	293244	4185759	7014613
1052	57141018	292643	4186993	7016635
1053	57167666	292043	4185760	7018654
1054	57194303	291443	4186992	7020671
1055	57220929	290845	4185761	7022686
1056	57247544	290248	4186991	7024699
1057	57274148	289651	4185763	7026710
1058	57300741	289056	4186990	7028719
1059	57327324	288462	4185764	7030726
1060	57353895	287868	4186989	7032730
1061	57380456	287276	4185765	7014690
1062	57407005	286684	4186988	7016693
1063	57433544	286094	4185766	7018694
1064	57460072	285505	4186987	7020693
1065	57486590	284916	4185767	7022690
1066	57513096	284329	4186987	7024685
1067	57539592	283742	4185768	7026678
1068	57566076	283157	4186986	7028669
1069	57592551	282572	4185769	7030658
1070	57619014	281989	4186985	7032644
1071	57645467	281406	4185770	7014763
1072	57671909	280824	4186984	7016748
1073	57698340	280244	4185771	7018731
1074	57724760	279664	4186983	7020713
1075	57751170	279085	4185772	7022692
1076	57777570	278508	4186982	7024669
1077	57803958	277931	4185773	7026644
1078	57830336	277355	4186981	7028617
1079	57856704	276780	4185774	7030589
1080	57883060	276206	4186980	7032558
1081	57909407	275633	4185775	7014834
1082	57935742	275061	4186979	7016801
1083	57962068	274490	4185776	7018766
1084	57988382	273920	4186979	7020730
1085	58014686	273351	4185777	7022692
1086	58040980	272782	4186978	7024651
1087	58067263	272215	4185778	7026609
1088	58093536	271649	4186977	7028565
1089	58119798	271083	4185779	7030519
1090	58146050	270519	4186976	7032472
1091	58172291	269955	4185780	7014901
1092	58198522	269393	4186975	7016851
1093	58224743	268831	4185781	7018799
1094	58250953	268270	4186974	7020745
1095	58277152	267710	4185782	7022690
1096	58303342	267151	4186973	7024632
1097	58329521	266593	4185783	7026573
1098	58355690	266036	4186972	7028512
1099	58381848	265480	4185784	7030449
1100	58407996	264925	4186971	7032385
1101	58434134	264371	4185785	7014965
1102	58460262	263817	4186970	7016898
1103	58486379	263265	4185786	7018829
1104	58512486	262713	4186969	7020758
1105	58538583	262162	4185787	7022686
1106	58564670	261613	4186968	7024612
1107	58590746	261064	4185788	7026536
1108	58616813	260516	4186967	7028458
1109	58642869	259969	4185789	7030379
1110	58668915	259423	4186966	7032298
1111	58694951	258877	4185789	7015027
1112	58720976	258333	4186965	7016942
1113	58746992	257790	4185790	7018857
1114	58772997	257247	4186964	7020769
1115	58798993	256705	4185791	7022680
1116	58824978	256165	4186963	7024590
1117	58850953	255625	4185792	7026497
1118	58876919	255086	4186962	7028403
1119	58902874	254548	4185793	7030308
1120	58928819	254010	4186961	7032210
1121	58954754	253474	4185794	7015085
1122	58980679	252939	4186961	7016984
1123	59006595	252404	4185794	7018882
1124	59032500	251870	4186960	7020778
1125	59058395	251338	4185795	7022673
1126	59084280	250806	4186959	7024566
1127	59110156	250275	4185796	7026458
1128	59136021	249744	4186958	7028348
1129	59161877	249215	4185797	7030236
1130	59187723	248687	4186957	7032123
1131	59213558	248159	4185797	7015141
1132	59239384	247632	4186956	7017024
1133	59265201	247106	4185798	7018905
1134	59291007	246581	4186955	7020786
1135	59316803	246057	4185799	7022664
1136	59342590	245534	4186953	7024541
1137	59368367	245012	4185800	7026417
1138	59394134	244490	4186952	7028291
1139	59419892	243969	4185800	7030164
1140	59445639	243449	4186951	7032035
1141	59471377	242930	4185801	7015193
1142	59497105	242412	4186950	7017061
1143	59522824	241895	4185802	7018926
1144	59548532	241378	4186949	7020791
1145	59574231	240863	4185802	7022654
1146	59599921	240348	4186948	7024515
1147	59625600	239834	4185803	7026375
1148	59651270	239321	4186947	7028234
1149	59676931	238809	4185804	7030091
1150	59702581	238297	4186946	7031947
1151	59728223	237787	4185804	7015244
1152	59753854	237277	4186945	7017095
1153	59779476	236768	4185805	7018945
1154	59805089	236260	4186944	7020794
1155	59830691	235753	4185806	7022642
1156	59856285	235247	4186943	7024488
1157	59881868	234741	4185806	7026332
1158	59907443	234236	4186942	7028176
1159	59933007	233732	4185807	7030017
1160	59958562	233229	4186941	7031858
1161	59984108	232727	4185807	7015291
1162	60009644	232225	4186940	7017127
1163	60035171	231725	4185808	7018962
1164	60060689	231225	4186939	7020796
1165	60086196	230726	4185809	7022628
1166	60111695	230228	4186938	7024459
1167	60137184	229730	4185809	7026288
1168	60162664	229234	4186937	7028117
1169	60188134	228738	4185810	7029944
1170	60213595	228243	4186935	7031769
1171	60239046	227749	4185810	7015336
1172	60264488	227256	4186934	7017157
1173	60289921	226763	4185811	7018977
1174	60315345	226271	4186933	7020795
1175	60340759	225780	4185811	7022613
1176	60366164	225290	4186932	7024429
1177	60391559	224801	4185812	7026243
1178	60416945	224312	4186931	7028057
1179	60442323	223825	4185812	7029869
1180	60467690	223338	4186930	7031680
1181	60493049	222851	4185813	7015378
1182	60518398	222366	4186929	7017184
1183	60543738	221882	4185813	7018989
1184	60569069	221398	4186928	7020793
1185	60594391	220915	4185814	7022596
1186	60619703	220432	4186926	7024397
1187	60645006	219951	4185814	7026197
1188	60670300	219470	4186925	7027996
1189	60695585	218991	4185815	7029794
1190	60720861	218511	4186924	7031590
1191	60746128	218033	4185815	7015418
1192	60771385	217556	4186923	7017210
1193	60796634	217079	4185815	7019000
1194	60821873	216603	4186922	7020789
1195	60847104	216128	4185816	7022577
1196	60872325	215653	4186921	7024364
1197	60897537	215180	4185816	7026150
1198	60922740	214707	4186919	7027935
1199	60947934	214235	4185817	7029718
1200	60973119	213763	4186918	7031501
1201	60998295	213293	4185817	7015456
1202	61023462	212823	4186917	7017233
1203	61048620	212354	4185817	7019009
1204	61073769	211885	4186916	7020784
1205	61098909	211418	4185818	7022558
1206	61124040	210951	4186915	7024331
1207	61149163	210485	4185818	7026102
1208	61174276	210020	4186913	7027873
1209	61199380	209555	4185818	7029642
1210	61224475	209091	4186912	7031411
1211	61249562	208628	4185819	7015491
1212	61274639	208166	4186911	7017254
1213	61299708	207705	4185819	7019016
1214	61324768	207244	4186910	7020777
1215	61349819	206784	4185819	7022537
1216	61374861	206324	4186908	7024296
1217	61399894	205866	4185820	7026053
1218	61424919	205408	4186907	7027810
1219	61449935	204951	4185820	7029566
1220	61474941	204495	4186906	7031321
1221	61499939	204039	4185820	7015524
1222	61524929	203584	4186905	7017273
1223	61549909	203130	4185820	7019021
1224	61574881	202677	4186903	7020768
1225	61599844	202224	4185821	7022514
1226	61624798	201772	4186902	7024259
1227	61649744	201321	4185821	7026004
1228	61674680	200871	4186901	7027747
1229	61699609	200421	4185821	7029489
1230	61724528	199972	4186900	7031230
1231	61749439	199524	4185821	7015554
1232	61774341	199076	4186898	7017290
1233	61799234	198629	4185821	7019024
1234	61824119	198183	4186897	7020758
1235	61848995	197738	4185822	7022490
1236	61873862	197293	4186896	7024222
1237	61898721	196849	4185822	7025953
1238	61923571	196406	4186894	7027683
1239	61948413	195964	4185822	7029412
1240	61973246	195522	4186893	7031139
1241	61998070	195081	4185822	7015583
1242	62022886	194640	4186892	7017305
1243	62047693	194201	4185822	7019026
1244	62072492	193762	4186890	7020746
1245	62097282	193324	4185822	7022465
1246	62122064	192886	4186889	7024184
1247	62146837	192449	4185822	7025901
1248	62171602	192013	4186888	7027618
1249	62196358	191578	4185822	7029334
1250	62221106	191143	4186886	7031049
1251	62245845	190709	4185823	7015609
1252	62270575	190276	4186885	7017318
1253	62295298	189843	4185823	7019026
1254	62320011	189411	4186884	7020733
1255	62344717	188980	4185823	7022439
1256	62369414	188550	4186882	7024144
1257	62394102	188120	4185823	7025849
1258	62418782	187691	4186881	7027553
1259	62443454	187262	4185823	7029255
1260	62468117	186834	4186879	7030957
1261	62492772	186407	4185823	7015633
1262	62517419	185981	4186878	7017329
1263	62542057	185555	4185823	7019024
1264	62566687	185130	4186877	7020718
1265	62591308	184706	4185823	7022411
1266	62615921	184282	4186875	7024104
1267	62640526	183859	4185823	7025796
1268	62665123	183437	4186874	7027487
1269	62689711	183016	4185823	7029177
1270	62714291	182595	4186872	7030866
1271	62738863	182174	4185823	7015656
1272	62763426	181755	4186871	7017338
1273	62787981	181336	4185823	7019020
1274	62812528	180918	4186869	7020702
1275	62837067	180500	4185823	7022382
1276	62861597	180083	4186868	7024062
1277	62886120	179667	4185823	7025742
1278	62910634	179252	4186867	7027420
1279	62935139	178837	4185823	7029098
1280	62959637	178423	4186865	7030775
1281	62984126	178009	4185823	7015676
1282	63008608	177596	4186864	7017346
1283	63033081	177184	4185822	7019015
1284	63057546	176773	4186862	7020684
1285	63082002	176362	4185822	7022353
1286	63106451	175952	4186861	7024020
1287	63130892	175542	4185822	7025687
1288	63155324	175133	4186859	7027353
1289	63179748	174725	4185822	7029018
1290	63204164	174317	4186858	7030683
1291	63228573	173910	4185822	7015694
1292	63252973	173504	4186856	7017352
1293	63277365	173099	4185822	7019009
1294	63301748	172694	4186855	7020666
1295	63326124	172289	4185822	7022322
1296	63350492	171886	4186853	7023977
1297	63374852	171483	4185821	7025631
1298	63399204	171080	4186852	7027286
1299	63423547	170679	4185821	7028939
1300	63447883	170277	4186850	7030592
1301	63472211	169877	4185821	7015711
1302	63496531	169477	4186848	7017356
1303	63520842	169078	4185821	7019001
1304	63545146	168680	4186847	7020646
1305	63569442	168282	4185821	7022289
1306	63593730	167885	4186845	7023933
1307	63618010	167488	4185820	7025575
1308	63642282	167092	4186844	7027218
1309	63666546	166697	4185820	7028859
1310	63690802	166302	4186842	7030500
1311	63715050	165908	4185820	7015725
1312	63739291	165515	4186841	7017359
1313	63763523	165122	4185820	7018992
1314	63787748	164730	4186839	7020624
1315	63811965	164338	4185819	7022256
1316	63836173	163947	4186837	7023888
1317	63860374	163557	4185819	7025519
1318	63884568	163167	4186836	7027149
1319	63908753	162778	4185819	7028779
1320	63932931	162390	4186834	7030408
1321	63957100	162002	4185818	7015738
1322	63981262	161615	4186833	7017360
1323	64005416	161228	4185818	7018981
1324	64029563	160843	4186831	7020602
1325	64053701	160457	4185818	7022222
1326	64077832	160073	4186829	7023842
1327	64101955	159688	4185817	7025461
1328	64126070	159305	4186828	7027080
1329	64150178	158922	4185817	7028698
1330	64174277	158540	4186826	7030316
1331	64198369	158158	4185817	7015750
1332	64222454	157777	4186824	7017360
1333	64246530	157397	4185816	7018970
1334	64270599	157017	4186823	7020579
1335	64294660	156638	4185816	7022188
1336	64318714	156260	4186821	7023796
1337	64342760	155882	4185815	7025404
1338	64366798	155504	4186819	7027011
1339	64390828	155128	4185815	7028618
1340	64414851	154751	4186817	7030224
1341	64438866	154376	4185815	7015760
1342	64462874	154001	4186816	7017358
1343	64486874	153627	4185814	7018956
1344	64510866	153253	4186814	7020554
1345	64534851	152880	4185814	7022152
1346	64558828	152507	4186812	7023749
1347	64582798	152135	4185813	7025345
1348	64606760	151764	4186811	7026941
1349	64630714	151393	4185813	7028537
1350	64654661	151023	4186809	7030132
1351	64678600	150653	4185812	7015768
1352	64702532	150284	4186807	7017355
1353	64726456	149916	4185812	7018942
1354	64750373	149548	4186805	7020529
1355	64774282	149181	4185811	7022115
1356	64798183	148814	4186803	7023701
1357	64822077	148448	4185811	7025287
1358	64845964	148083	4186802	7026872
1359	64869843	147718	4185810	7028456
1360	64893715	147354	4186800	7030041
1361	64917579	146990	4185809	7015775
1362	64941435	146627	4186798	7017351
1363	64965284	146265	4185809	7018927
1364	64989126	145903	4186796	7020502
1365	65012960	145541	4185808	7022078
1366	65036787	145180	4186794	7023653
1367	65060607	144820	4185808	7025227
1368	65084419	144461	4186793	7026802
1369	65108223	144101	4185807	7028375
1370	65132020	143743	4186791	7029949
1371	65155810	143385	4185807	7015780
1372	65179593	143028	4186789	7017345
1373	65203368	142671	4185806	7018910
1374	65227135	142315	4186787	7020475
1375	65250896	141959	4185805	7022040
1376	65274649	141604	4186785	7023604
1377	65298394	141250	4185805	7025168
1378	65322132	140896	4186783	7026731
1379	65345863	140542	4185804	7028294
1380	65369587	140189	4186781	7029857
1381	65393303	139837	4185803	7015784
1382	65417012	139486	4186780	7017338
1383	65440714	139134	4185803	7018893
1384	65464408	138784	4186778	7020447
1385	65488095	138434	4185802	7022001
1386	65511775	138084	4186776	7023554
1387	65535447	137736	4185801	7025108
1388	65559113	137387	4186774	7026661
1389	65582771	137039	4185800	7028214
1390	65606421	136692	4186772	7029766
1391	65630065	136346	4185800	7015786
1392	65653701	136000	4186770	7017331
1393	65677330	135654	4185799	7018874
1394	65700952	135309	4186768	7020418
1395	65724567	134965	4185798	7021961
1396	65748174	134621	4186766	7023505
1397	65771775	134277	4185797	7025048
1398	65795368	133935	4186764	7026590
1399	65818953	133592	4185796	7028133
1400	65842532	133251	4186762	7029675
1401	65866104	132909	4185796	7015788
1402	65889668	132569	4186760	7017322
1403	65913225	132229	4185795	7018855
1404	65936775	131889	4186758	7020388
1405	65960318	131550	4185794	7021922
1406	65983854	131212	4186756	7023454
1407	66007383	130874	4185793	7024987
1408	66030905	130537	4186754	7026520
1409	66054419	130200	4185792	7028052
1410	66077927	129864	4186752	7029584
1411	66101427	129528	4185791	7015788
1412	66124920	129193	4186750	7017312
1413	66148406	128858	4185791	7018835
1414	66171886	128524	4186748	7020358
1415	66195358	128190	4185790	7021881
1416	66218823	127857	4186746	7023404
1417	66242281	127525	4185789	7024926
1418	66265731	127193	4186744	7026449
1419	66289175	126861	4185788	7027971
1420	66312612	126530	4186742	7029493
1421	66336042	126200	4185787	7015787
1422	66359465	125870	4186740	7017301
1423	66382881	125540	4185786	7018814
1424	66406290	125212	4186738	7020327
1425	66429692	124883	4185785	7021840
1426	66453086	124556	4186735	7023353
1427	66476474	124228	4185784	7024866
1428	66499855	123902	4186733	7026378
1429	66523229	123575	4185783	7027890
1430	66546596	123250	4186731	7029402
1431	66569957	122924	4185782	7015785
1432	66593310	122600	4186729	7017289
1433	66616656	122276	4185781	7018792
1434	66639995	121952	4186727	7020296
1435	66663328	121629	4185780	7021799
1436	66686653	121306	4186725	7023302
1437	66709972	120984	4185779	7024805
1438	66733284	120663	4186722	7026307
1439	66756588	120342	4185778	7027810
1440	66779886	120021	4186720	7029312
1441	66803177	119701	4185777	7015783
1442	66826462	119382	4186718	7017276
1443	66849739	119063	4185776	7018770
1444	66873010	118744	4186716	7020264
1445	66896273	118426	4185774	7021757
1446	66919530	118109	4186714	7023250
1447	66942780	117792	4185773	7024744
1448	66966023	117475	4186711	7026237
1449	66989260	117159	4185772	7027730
1450	67012489	116844	4186709	7029223
1451	67035712	116529	4185771	7015779
1452	67058928	116214	4186707	7017263
1453	67082137	115900	4185770	7018747
1454	67105340	115587	4186705	7020231
1455	67128535	115274	4185769	7021715
1456	67151724	114962	4186702	7023199
1457	67174906	114650	4185768	7024683
1458	67198081	114338	4186700	7026166
1459	67221250	114027	4185766	7027650
1460	67244412	113717	4186698	7029133
1461	67267567	113407	4185765	7015774
1462	67290715	113097	4186695	7017249
1463	67313857	112788	4185764	7018724
1464	67336992	112480	4186693	7020198
1465	67360120	112172	4185763	7021673
1466	67383242	111864	4186691	7023147
1467	67406357	111557	4185761	7024622
1468	67429465	111251	4186688	7026096
1469	67452566	110945	4185760	7027571
1470	67475661	110639	4186686	7029045
1471	67498749	110334	4185759	7015769
1472	67521831	110030	4186684	7017234
1473	67544906	109726	4185758	7018700
1474	67567974	109422	4186681	7020165
1475	67591035	109119	4185756	7021631
1476	67614090	108816	4186679	7023096
1477	67637139	108514	4185755	7024561
1478	67660180	108212	4186676	7026026
1479	67683215	107911	4185754	7027491
1480	67706244	107611	4186674	7028956
1481	67729266	107310	4185752	7015763
1482	67752281	107011	4186672	7017219
1483	67775290	106711	4185751	7018676
1484	67798292	106413	4186669	7020132
1485	67821287	106114	4185749	7021588
1486	67844276	105816	4186667	7023044
1487	67867259	105519	4185748	7024501
1488	67890234	105222	4186664	7025957
1489	67913204	104926	4185747	7027413
1490	67936166	104630	4186662	7028869
1491	67959123	104334	4185745	7015757
1492	67982072	104039	4186659	7017204
1493	68005015	103745	4185744	7018651
1494	68027952	103451	4186657	7020098
1495	68050882	103157	4185742	7021546
1496	68073806	102864	4186654	7022993
1497	68096723	102572	4185741	7024440
1498	68119634	102279	4186652	7025888
1499	68142538	101988	4185739	7027335
1500	68165435	101696	4186649	7028782
1501	68188327	101406	4185738	7015749
1502	68211211	101115	4186647	7017188
1503	68234090	100826	4185736	7018626
1504	68256962	100536	4186644	7020065
1505	68279827	100247	4185735	7021503
1506	68302686	99959	4186641	7022942
1507	68325538	99671	4185733	7024380
1508	68348384	99383	4186639	7025819
1509	68371224	99096	4185732	7027257
1510	68394057	98810	4186636	7028696
1511	68416884	98523	4185730	7015742
1512	68439705	98238	4186633	7017172
1513	68462519	97952	4185728	7018601
1514	68485326	97668	4186631	7020031
1515	68508127	97383	4185727	7021461
1516	68530922	97099	4186628	7022891
1517	68553711	96816	4185725	7024321
1518	68576493	96533	4186625	7025751
1519	68599269	96251	4185723	7027180
1520	68622038	95968	4186623	7028610
1521	68644801	95687	4185722	7015734
1522	68667558	95406	4186620	7017155
1523	68690308	95125	4185720	7018576
1524	68713052	94845	4186617	7019998
1525	68735790	94565	4185718	7021419
1526	68758522	94285	4186615	7022840
1527	68781247	94007	4185717	7024262
1528	68803966	93728	4186612	7025683
1529	68826678	93450	4185715	7027104
1530	68849384	93172	4186609	7028526
1531	68872084	92895	4185713	7015726
1532	68894778	92619	4186606	7017139
1533	68917465	92342	4185711	7018552
1534	68940146	92066	4186604	7019964
1535	68962821	91791	4185710	7021377
1536	68985490	91516	4186601	7022790
1537	69008152	91242	4185708	7024203
1538	69030808	90968	4186598	7025616
1539	69053458	90694	4185706	7027029
1540	69076102	90421	4186595	7028442
1541	69098739	90148	4185704	7015718
1542	69121370	89876	4186592	7017122
1543	69143995	89604	4185702	7018527
1544	69166614	89332	4186589	7019931
1545	69189226	89061	4185700	7021336
1546	69211833	88791	4186586	7022741
1547	69234433	88521	4185698	7024145
1548	69257027	88251	4186583	7025550
1549	69279615	87982	4185696	7026955
1550	69302196	87713	4186581	7028359
1551	69324772	87444	4185695	7015709
1552	69347341	87176	4186578	7017106
1553	69369904	86909	4185693	7018502
1554	69392461	86642	4186575	7019898
1555	69415012	86375	4185691	7021295
1556	69437556	86109	4186572	7022691
1557	69460095	85843	4185689	7024088
1558	69482627	85577	4186569	7025484
1559	69505154	85312	4185687	7026881
1560	69527674	85048	4186566	7028277
1561	69550188	84784	4185685	7015701
1562	69572696	84520	4186563	7017089
1563	69595198	84256	4185683	7018477
1564	69617693	83994	4186560	7019866
1565	69640183	83731	4185680	7021254
1566	69662667	83469	4186557	7022643
1567	69685144	83207	4185678	7024031
1568	69707615	82946	4186554	7025420
1569	69730081	82685	4185676	7026808
1570	69752540	82425	4186550	7028197
1571	69774993	82165	4185674	7015693
1572	69797441	81905	4186547	7017073
1573	69819882	81646	4185672	7018453
1574	69842317	81388	4186544	7019834
1575	69864746	81129	4185670	7021215
1576	69887169	80871	4186541	7022595
1577	69909586	80614	4185668	7023976
1578	69931997	80357	4186538	7025356
1579	69954402	80100	4185665	7026737
1580	69976801	79844	4186535	7028118
1581	69999194	79588	4185663	7015685
1582	70021581	79333	4186532	7017057
1583	70043962	79078	4185661	7018430
1584	70066337	78823	4186528	7019803
1585	70088706	78569	4185659	7021175
1586	70111069	78315	4186525	7022548
1587	70133426	78062	4185656	7023921
1588	70155777	77809	4186522	7025294
1589	70178122	77556	4185654	7026667
1590	70200462	77304	4186519	7028039
1591	70222795	77052	4185652	7015677
1592	70245122	76801	4186515	7017042
1593	70267444	76550	4185649	7018407
1594	70289759	76299	4186512	7019772
1595	70312069	76049	4185647	7021137
1596	70334372	75800	4186509	7022502
1597	70356670	75550	4185645	7023867
1598	70378962	75301	4186505	7025233
1599	70401248	75053	4185642	7026598
1600	70423528	74805	4186502	7027963
1601	70445802	74557	4185640	7015669
1602	70468070	74309	4186499	7017027
1603	70490332	74062	4185637	7018384
1604	70512589	73816	4186495	7019742
1605	70534839	73570	4185635	7021099
1606	70557084	73324	4186492	7022457
1607	70579323	73079	4185632	7023815
1608	70601556	72834	4186488	7025172
1609	70623783	72589	4185630	7026530
1610	70646005	72345	4186485	7027888
1611	70668220	72101	4185627	7015662
1612	70690430	71858	4186481	7017012
1613	70712634	71615	4185625	7018363
1614	70734832	71372	4186478	7019713
1615	70757024	71130	4185622	7021063
1616	70779210	70888	4186474	7022413
1617	70801391	70646	4185620	7023764
1618	70823565	70405	4186471	7025114
1619	70845734	70165	4185617	7026464
1620	70867898	69924	4186467	7027814
1621	70890055	69684	4185614	7015656
1622	70912207	69445	4186464	7016999
1623	70934352	69206	4185612	7018342
1624	70956492	68967	4186460	7019685
1625	70978627	68728	4185609	7021028
1626	71000755	68490	4186456	7022371
1627	71022878	68253	4185606	7023714
1628	71044995	68016	4186453	7025056
1629	71067106	67779	4185603	7026399
1630	71089212	67542	4186449	7027742
1631	71111312	67306	4185601	7015650
1632	71133406	67070	4186445	7016986
1633	71155494	66835	4185598	7018322
1634	71177577	66600	4186442	7019658
1635	71199654	66365	4185595	7020993
1636	71221725	66131	4186438	7022329
1637	71243790	65897	4185592	7023665
1638	71265850	65664	4186434	7025001
1639	71287904	65431	4185589	7026336
1640	71309953	65198	4186430	7027672
1641	71331995	64966	4185586	7015646
1642	71354032	64734	4186426	7016974
1643	71376064	64502	4185583	7018303
1644	71398089	64271	4186423	7019632
1645	71420109	64040	4185580	7020961
1646	71442124	63810	4186419	7022289
1647	71464132	63580	4185577	7023618
1648	71486135	63350	4186415	7024947
1649	71508133	63121	4185574	7026275
1650	71530125	62892	4186411	7027603
1651	71552111	62663	4185571	7015642
1652	71574091	62435	4186407	7016964
1653	71596066	62207	4185568	7018285
1654	71618035	61979	4186403	7019607
1655	71639999	61752	4185565	7020929
1656	71661957	61525	4186399	7022251
1657	71683909	61299	4185562	7023573
1658	71705856	61073	4186395	7024894
1659	71727798	60847	4185559	7026216
1660	71749733	60622	4186391	7027537
1661	71771663	60397	4185556	7015639
1662	71793588	60172	4186387	7016954
1663	71815507	59948	4185553	7018269
1664	71837420	59724	4186383	7019584
1665	71859328	59501	4185549	7020899
1666	71881230	59277	4186379	7022214
1667	71903126	59055	4185546	7023529
1668	71925017	58832	4186374	7024844
1669	71946903	58610	4185543	7026159
1670	71968783	58388	4186370	7027473
1671	71990657	58167	4185540	7015637
1672	72012526	57946	4186366	7016946
1673	72034390	57725	4185536	7018254
1674	72056247	57505	4186362	7019563
1675	72078100	57285	4185533	7020871
1676	72099947	57065	4186358	7022180
1677	72121788	56846	4185529	7023488
1678	72143624	56627	4186353	7024796
1679	72165454	56409	4185526	7026104
1680	72187279	56191	4186349	7027411
1681	72209098	55973	4185522	7015637
1682	72230912	55755	4186345	7016939
1683	72252720	55538	4185519	7018241
1684	72274523	55321	4186340	7019543
1685	72296320	55105	4185515	7020845
1686	72318112	54889	4186336	7022147
1687	72339899	54673	4185512	7023448
1688	72361680	54458	4186332	7024750
1689	72383455	54243	4185508	7026051
1690	72405225	54028	4186327	7027352
1691	72426990	53814	4185505	7015638
1692	72448749	53600	4186323	7016934
1693	72470503	53386	4185501	7018230
1694	72492251	53173	4186318	7019525
1695	72513994	52960	4185497	7020821
1696	72535732	52747	4186314	7022116
1697	72557464	52535	4185494	7023411
1698	72579190	52323	4186309	7024706
1699	72600912	52111	4185490	7026001
1700	72622627	51900	4186304	7027295
1701	72644338	51689	4185486	7015641
1702	72666043	51479	4186300	7016931
1703	72687742	51268	4185482	7018220
1704	72709437	51059	4186295	7019509
1705	72731126	50849	4185478	7020799
1706	72752809	50640	4186290	7022088
1707	72774487	50431	4185474	7023376
1708	72796160	50222	4186286	7024665
1709	72817827	50014	4185471	7025953
1710	72839489	49806	4186281	7027241
1711	72861146	49599	4185467	7015646
1712	72882797	49392	4186276	7016929
1713	72904443	49185	4185463	7018213
1714	72926084	48978	4186271	7019496
1715	72947719	48772	4185459	7020779
1716	72969349	48566	4186267	7022062
1717	72990974	48361	4185455	7023344
1718	73012593	48156	4186262	7024626
1719	73034207	47951	4185450	7025908
1720	73055816	47746	4186257	7027190
1721	73077419	47542	4185446	7015652
1722	73099017	47338	4186252	7016930
1723	73120610	47135	4185442	7018207
1724	73142198	46931	4186247	7019484
1725	73163780	46729	4185438	7020761
1726	73185357	46526	4186242	7022038
1727	73206928	46324	4185434	7023314
1728	73228495	46122	4186237	7024591
1729	73250056	45920	4185429	7025866
1730	73271612	45719	4186232	7027141
1731	73293162	45518	4185425	7015661
1732	73314707	45318	4186227	7016933
1733	73336247	45117	4185421	7018204
1734	73357782	44918	4186222	7019476
1735	73379312	44718	4185416	7020747
1736	73400836	44519	4186216	7022017
1737	73422355	44320	4185412	7023288
1738	73443869	44121	4186211	7024558
1739	73465377	43923	4185407	7025827
1740	73486880	43725	4186206	7027097
1741	73508379	43527	4185403	7015672
1742	73529871	43330	4186201	7016938
1743	73551359	43133	4185398	7018204
1744	73572841	42936	4186195	7019469
1745	73594319	42740	4185394	7020735
1746	73615791	42543	4186190	7022000
1747	73637258	42348	4185389	7023264
1748	73658719	42152	4186185	7024528
1749	73680176	41957	4185384	7025792
1750	73701627	41762	4186179	7027055
1751	73723073	41568	4185380	7015685
1752	73744514	41374	4186174	7016946
1753	73765950	41180	4185375	7018206
1754	73787380	40986	4186168	7019466
1755	73808806	40793	4185370	7020726
1756	73830226	40600	4186163	7021985
1757	73851641	40408	4185365	7023244
1758	73873051	40215	4186157	7024503
1759	73894456	40023	4185360	7025760
1760	73915855	39832	4186151	7027018
1761	73937250	39640	4185355	7015701
1762	73958639	39449	4186146	7016956
1763	73980024	39259	4185351	7018211
1764	74001403	39068	4186140	7019466
1765	74022777	38878	4185345	7020720
1766	74044146	38688	4186134	7021974
1767	74065509	38499	4185340	7023228
1768	74086868	38310	4186129	7024480
1769	74108222	38121	4185335	7025733
1770	74129570	37932	4186123	7026984
1771	74150913	37744	4185330	7015719
1772	74172252	37556	4186117	7016970
1773	74193585	37368	4185325	7018220
1774	74214913	37181	4186111	7019469
1775	74236236	36994	4185320	7020718
1776	74257554	36807	4186105	7021967
1777	74278867	36621	4185314	7023215
1778	74300174	36435	4186099	7024462
1779	74321477	36249	4185309	7025709
1780	74342775	36063	4186093	7026955
1781	74364067	35878	4185304	7015741
1782	74385355	35693	4186087	7016986
1783	74406637	35508	4185298	7018231
1784	74427915	35324	4186081	7019476
1785	74449187	35140	4185293	7020720
1786	74470455	34956	4186075	7021963
1787	74491717	34773	4185287	7023206
1788	74512974	34590	4186069	7024448
1789	74534226	34407	4185282	7025689
1790	74555474	34225	4186063	7026930
1791	74576716	34042	4185276	7015766
1792	74597953	33860	4186056	7017007
1793	74619185	33679	4185270	7018247
1794	74640413	33497	4186050	7019487
1795	74661635	33316	4185265	7020726
1796	74682852	33136	4186044	7021964
1797	74704064	32955	4185259	7023202
1798	74725271	32775	4186038	7024439
1799	74746474	32595	4185253	7025675
1800	74767671	32416	4186031	7026910
1801	74788863	32236	4185247	7015795
1802	74810051	32057	4186025	7017031
1803	74831233	31879	4185241	7018266
1804	74852410	31700	4186018	7019501
1805	74873583	31522	4185235	7020736
1806	74894750	31344	4186012	7021969
1807	74915913	31167	4185229	7023202
1808	74937070	30990	4186005	7024434
1809	74958223	30813	4185223	7025665
1810	74979370	30636	4185999	7026895
1811	75000513	30460	4185217	7015827
1812	75021651	30284	4185992	7017059
1813	75042784	30108	4185211	7018290
1814	75063912	29932	4185985	7019521
1815	75085035	29757	4185205	7020751
1816	75106153	29582	4185978	7021979
1817	75127266	29408	4185198	7023208
1818	75148374	29233	4185972	7024435
1819	75169478	29059	4185192	7025661
1820	75190576	28885	4185965	7026886
1821	75211670	28712	4185186	7015864
1822	75232758	28539	4185958	7017092
1823	75253842	28366	4185179	7018319
1824	75274921	28193	4185951	7019545
1825	75295995	28021	4185173	7020771
1826	75317064	27849	4185944	7021995
1827	75338128	27677	4185166	7023219
1828	75359187	27505	4185937	7024441
1829	75380242	27334	4185160	7025662
1830	75401291	27163	4185930	7026882
1831	75422336	26993	4185153	7015906
1832	75443376	26822	4185923	7017130
1833	75464411	26652	4185146	7018353
1834	75485441	26482	4185916	7019575
1835	75506467	26313	4185139	7020796
1836	75527487	26143	4185909	7022017
1837	75548503	25974	4185132	7023236
1838	75569513	25806	4185901	7024454
1839	75590519	25637	4185126	7025670
1840	75611521	25469	4185894	7026886
1841	75632517	25301	4185119	7015953
1842	75653508	25133	4185887	7017173
1843	75674495	24966	4185112	7018393
1844	75695477	24799	4185879	7019611
1845	75716454	24632	4185104	7020829
1846	75737426	24466	4185872	7022045
1847	75758394	24299	4185097	7023260
1848	75779356	24133	4185865	7024473
1849	75800314	23968	4185090	7025686
1850	75821267	23802	4185857	7026896
1851	75842215	23637	4185083	7016006
1852	75863159	23472	4185849	7017224
1853	75884098	23308	4185075	7018440
1854	75905031	23143	4185842	7019654
1855	75925961	22979	4185068	7020868
1856	75946885	22815	4185834	7022080
1857	75967805	22652	4185060	7023291
1858	75988719	22489	4185826	7024501
1859	76009630	22326	4185053	7025709
1860	76030535	22163	4185819	7026915
1861	76051435	22000	4185045	7016067
1862	76072331	21838	4185811	7017281
1863	76093222	21676	4185037	7018494
1864	76114109	21515	4185803	7019706
1865	76134990	21353	4185030	7020916
1866	76155867	21192	4185795	7022124
1867	76176739	21031	4185022	7023332
1868	76197607	20871	4185787	7024537
1869	76218469	20710	4185014	7025741
1870	76239327	20550	4185779	7026942
1871	76260180	20390	4185006	7016137
1872	76281029	20231	4185771	7017348
1873	76301873	20072	4184998	7018558
1874	76322712	19913	4185763	7019766
1875	76343546	19754	4184989	7020973
1876	76364376	19595	4185755	7022179
1877	76385201	19437	4184981	7023382
1878	76406021	19279	4185747	7024584
1879	76426837	19121	4184973	7025783
1880	76447648	18964	4185738	7026981
1881	76468454	18807	4184964	7016216
1882	76489256	18650	4185730	7017425
1883	76510053	18493	4184956	7018633
1884	76530845	18337	4185722	7019839
1885	76551632	18181	4184947	7021043
1886	76572415	18025	4185713	7022245
1887	76593193	17869	4184938	7023445
1888	76613967	17714	4185705	7024642
1889	76634736	17558	4184930	7025838
1890	76655500	17404	4185696	7027031
1891	76676260	17249	4184921	7016309
1892	76697015	17095	4185687	7017516
1893	76717765	16940	4184912	7018721
1894	76738511	16787	4185679	7019925
1895	76759252	16633	4184903	7021126
1896	76779988	16480	4185670	7022325
1897	76800720	16327	4184893	7023522
1898	76821447	16174	4185661	7024716
1899	76842170	16021	4184884	7025907
1900	76862888	15869	4185652	7027096
1901	76883601	15717	4184874	7016417
1902	76904310	15565	4185643	7017623
1903	76925014	15413	4184865	7018826
1904	76945714	15262	4185634	7020028
1905	76966408	15111	4184855	7021227
1906	76987099	14960	4185625	7022423
1907	77007785	14809	4184845	7023616
1908	77028466	14659	4185615	7024807
1909	77049142	14509	4184835	7025994
1910	77069814	14359	4185606	7027179
1911	77090482	14210	4184825	7016544
1912	77111144	14060	4185596	7017749
1913	77131803	13911	4184815	7018952
1914	77152456	13762	4185587	7020152
1915	77173105	13614	4184804	7021349
1916	77193750	13465	4185577	7022543
1917	77214390	13317	4184794	7023734
1918	77235025	13169	4185567	7024921
1919	77255656	13022	4184783	7026104
1920	77276283	12874	4185557	7027284
1921	77296904	12727	4184772	7016696
1922	77317522	12580	4185547	7017902
1923	77338134	12434	4184761	7019104
1924	77358742	12287	4185537	7020303
1925	77379346	12141	4184749	7021499
1926	77399945	11995	4185527	7022691
1927	77420540	11850	4184737	7023879
1928	77441130	11704	4185516	7025063
1929	77461715	11559	4184726	7026242
1930	77482296	11414	4185505	7027417
1931	77502873	11269	4184714	7016879
1932	77523445	11125	4185495	7018086
1933	77544012	10981	4184701	7019289
1934	77564575	10837	4185484	7020489
1935	77585134	10693	4184688	7021684
1936	77605688	10550	4185472	7022874
1937	77626237	10406	4184676	7024060
1938	77646782	10263	4185461	7025241
1939	77667323	10121	4184662	7026416
1940	77687859	9978	4185449	7027586
1941	77708390	9836	4184649	7017100
1942	77728917	9694	4185437	7018311
1943	77749440	9552	4184635	7019516
1944	77769958	9410	4185425	7020717
1945	77790472	9269	4184620	7021913
1946	77810981	9128	4185413	7023103
1947	77831486	8987	4184606	7024287
1948	77851986	8846	4185400	7025466
1949	77872482	8706	4184591	7026638
1950	77892973	8565	4185387	7027803
1951	77913460	8425	4184575	7017370
1952	77933942	8286	4185374	7018585
1953	77954420	8146	4184559	7019795
1954	77974894	8007	4185360	7020999
1955	77995363	7868	4184542	7022197
1956	78015828	7729	4185346	7023388
1957	78036288	7591	4184525	7024572
1958	78056744	7452	4185332	7025748
1959	78077195	7314	4184508	7026917
1960	78097642	7176	4185317	7028078
1961	78118085	7039	4184489	7017698
1962	78138523	6901	4185301	7018920
1963	78158957	6764	4184470	7020137
1964	78179386	6627	4185285	7021346
1965	78199811	6490	4184450	7022547
1966	78220232	6354	4185268	7023740
1967	78240648	6218	4184430	7024925
1968	78261060	6082	4185251	7026101
1969	78281467	5946	4184408	7027267
1970	78301870	5810	4185233	7028424
1971	78322269	5675	4184386	7018094
1972	78342663	5540	4185215	7019327
1973	78363053	5405	4184362	7020552
1974	78383438	5270	4185195	7021767
1975	78403819	5136	4184338	7022974
1976	78424196	5001	4185175	7024171
1977	78444568	4867	4184312	7025357
1978	78464936	4734	4185154	7026533
1979	78485300	4600	4184285	7027697
1980	78505659	4467	4185131	7028850
1981	78526014	4334	4184256	7018574
1982	78546364	4201	4185108	7019818
1983	78566711	4068	4184226	7021053
1984	78587052	3935	4185083	7022277
1985	78607390	3803	4184194	7023489
1986	78627723	3671	4185056	7024689
1987	78648052	3539	4184160	7025877
1988	78668376	3408	4185028	7027052
1989	78688697	3277	4184124	7028213
1990	78709012	3145	4184999	7029360
1991	78729324	3015	4184086	7019165
1992	78749631	2884	4184967	7020427
1993	78769934	2753	4184045	7021679
1994	78790232	2623	4184933	7022918
1995	78810527	2493	4184001	7024146
1996	78830817	2363	4184896	7025361
1997	78851102	2234	4183954	7026563
1998	78871383	2104	4184856	7027752
1999	78891660	1975	4183903	7028928
2000	78911933	1846	4184814	7030090
2001	78932202	1717	4183849	7019759
2002	78952466	1589	4184768	7021038
2003	78972726	1461	4183792	7022310
2004	78992981	1333	4184719	7023579
2005	79013232	1205	4183733	7024848
2006	79033479	1077	4184669	7026119
2007	79053722	950	4183676	7027399
2008	79073960	822	4184621	7028694
2009	79094195	695	4183633	7030009
2010	79114424	569	4184598	7031354
2011	79134650	442	4183657	7018895
2012	79154871	316	4184716	7019827
2013	79175089	189	4183974	7020699
